DESCRIPTION,id_DESCRIPTION
3-In-1 Top,1
Adjustable Cap,2
Adjustable Hat,3
Adjustable Trousers,4
Ankle Socks,5
Ankle Socks (3 Pairs),6
Ankles Socks (3 Pairs),7
Armband,8
Artificial-Grass Football Boot,9
Artificial-Grass Football Boots,10
Artificial-Ground Football Boot,11
Athletics Distance Spikes,12
Athletics Jumping Spikes,13
Athletics Sprinting Spikes,14
Baby & Toddler Boot,15
Baby & Toddler Football Kit,16
Baby & Toddler Kit,17
Baby & Toddler Nike Dri-FIT Knit Football Tracksuit,18
Baby & Toddler Rain Boot,19
Baby & Toddler Shoe,20
Baby & Toddler Shoe ,21
Baby & Toddler Shoes,22
Baby & Toddler Slides,23
Baby &amp; Toddler Shoe,24
Baby (0–12M) 3-Piece Set,25
Baby (0–3M) Overalls,26
Baby (0–6M) 3-Piece Set,27
Baby (0–6M) Bodysuit Set (3-Pack),28
Baby (0–9M) Bodysuit (3-Pack),29
Baby (0–9M) Bodysuit and Leggings Set,30
Baby (0–9M) Bodysuits (3-Pack),31
Baby (0–9M) Footed Full-Zip Overall,32
Baby (0–9M) Footed Overalls,33
Baby (0–9M) Full-Zip Overall,34
Baby (0–9M) Half-Zip Overall,35
Baby (0–9M) Hooded Overalls,36
Baby (0–9M) Romper,37
Baby (0–9M) Sleeveless Romper,38
Baby (0â€“6M) 3-Piece Set,39
Baby (12–24M) 3-Piece Set,40
"Baby (12–24M) Bodysuit, Headband and Bib Set",41
Baby (12–24M) Crew and Joggers Set,42
Baby (12–24M) Crew and Trousers Set,43
Baby (12–24M) Dress,44
Baby (12–24M) Full-Zip Overall,45
Baby (12–24M) Half-Zip Overall,46
"Baby (12–24M) Hat, Bodysuit and Booties Set",47
Baby (12–24M) Hooded Overalls,48
Baby (12–24M) Hoodie and Joggers Set,49
Baby (12–24M) Hoodie and Leggings Set,50
Baby (12–24M) Hoodie and Trousers Set,51
Baby (12–24M) Overalls,52
Baby (12–24M) Romper,53
Baby (12–24M) Sleeveless Romper,54
Baby (12–24M) Sweatshirt and Leggings Set,55
Baby (12–24M) Tank Top and Shorts Set,56
Baby (12–24M) Top and Leggings Set,57
Baby (12–24M) Tracksuit,58
Baby (12–24M) Tracksuit Set,59
Baby (12–24M) T-Shirt and Leggings Set,60
Baby (12–24M) T-Shirt and Shorts Set,61
Baby (12â€“24M) Dress,62
Baby (12â€“24M) Tracksuit,63
Baby (3–6M) Jumpman Hooded Overalls,64
Baby (3–6M) Just Do It 3-Piece Trousers Set,65
Baby (3–6M) Swoosh Bodysuit (3-Pack),66
Baby 3-Piece Box Set,67
Baby and Toddler Boot,68
Baby and Toddler Sandal,69
Baby and Toddler Shoe,70
Baby Bootie,71
Baby Cot Bootie,72
Baby Football Kit,73
Baby Knit Football Tracksuit,74
Baby Nike Dri-FIT Football Tracksuit,75
Baby Nike Football Kit,76
Baby/Toddler Easy On/Off Shoes,77
Baby/Toddler Football Kit,78
Baby/Toddler Jordan Dri-FIT Hooded Football Tracksuit,79
Baby/Toddler Nike Dri-FIT Hooded Football Tracksuit,80
Baby/Toddler Nike Football Kit,81
Baby/Toddler Nike Kit,82
Baby/Toddler Shoes,83
Backpack,84
Backpack (20L),85
Backpack (21L),86
Backpack (22L),87
Backpack (25L),88
Backpack (26L),89
Backpack (Large),90
Basketball,91
Basketball (Size 7),92
Basketball Backpack (32L),93
Basketball Cap,94
Basketball Crew Socks,95
Basketball Shoe,96
Basketball Shoes,97
Basketball Socks,98
Beanie,99
Bodysuit,100
Bucket Hat,101
Calf Sleeves,102
Camo Bucket Hat,103
Camo Hat,104
Camo Training Cap,105
Cap,106
Cot Bootie,107
Cot Booties,108
Crew,109
Crew Basketball Socks,110
Crew Socks,111
Crew Socks (2 Pairs),112
Crew Socks (3 Pairs),113
Crew Socks (6 Pairs),114
Crew Sweatshirt,115
Crop Top,116
Cross-Body Bag,117
Cross-Body Bag (1L),118
Cross-body Bag (3L),119
Cross-Body Bag (4L),120
"Crossbody Bag (Small, 1L)",121
Cuffed Beanie,122
Cushioned Ankle Running Socks,123
Cushioned Ankle Socks (3 Pairs),124
Cushioned Crew Socks,125
Cushioned Over-the-Calf Socks,126
Cushioned Tie-Dye Crew Socks (2 Pairs),127
Custom Basketball Shoes,128
Custom Firm Ground Football Boot,129
Custom Football Boots,130
Custom Men's Easy On/Off Road Running Shoes,131
Custom Men's Lifestyle Shoe,132
Custom Men's Road Running Shoes,133
Custom Men's Shoe,134
Custom Men's Shoes,135
Custom Men's Training Shoes,136
Custom Women's Easy On/Off Road Running Shoes,137
Custom Women's Lifestyle Shoe,138
Custom Women's Road Running Shoes,139
Custom Women's Shoe,140
Custom Women's Shoes,141
Custom Women's Training Shoes,142
Doublewide Wristbands,143
Drawstring Bag (13L),144
Dri-FIT Head Tie 2.0,145
Duffel Bag (30L),146
Easy On/Off Multi-Ground Football Boot,147
Easy On/Off Shoes,148
Engineered Sweatshirt,149
Eugene Backpack (23L),150
Fadeaway T-Shirt,151
Faux Fur Blanket,152
Finger Sleeves,153
Firm-Ground Football Boot,154
Fisherman Beanie,155
Fleece Gloves,156
Fleece Hoodie,157
Fleece Long-Sleeve Football Crew,158
Fleece Pullover Hoodie,159
Fleece Pullover Skate Hoodie,160
Fleece Shorts,161
Fleece Skate Hoodie,162
Fleece Sweatshirt,163
Fleece Trousers,164
Floral Backpack (21L),165
Floral Hip Pack (10L),166
Football,167
Football Backpack,168
Football Backpack (25L),169
Football Backpack (30L),170
Football Crew Socks,171
Football Duffel Bag (Large),172
"Football Duffel Bag (Large, 95L)",173
Football Duffel Bag (Medium),174
"Football Duffel Bag (Medium, 60L)",175
Football Gloves,176
Football Guard Sleeves (1 Pair),177
Football Gymsack,178
Football Gymsack (13L),179
Football Gymsack (18L),180
"Football Hardcase Duffel Bag (Large, 59L)",181
"Football Hard-Case Duffel Bag (Medium, 37L)",182
Football Knee-High Socks,183
Football Leg Sleeve,184
Football Over-the-Calf Socks,185
Football Shinguards,186
Football Shirt,187
Football Shoe Bag,188
Football Shoes,189
Football Sleeve,190
Football Sleeves,191
Football Top,192
Full-Zip Fleece Hoodie,193
Funnel-Neck Fleece Sweatshirt,194
Glitter Headband,195
Golf Bag,196
Golf Beanie,197
Golf Crew Socks,198
Golf Glove,199
Golf Glove (Left Hand),200
Golf Hat,201
Golf Shoe,202
Golf Shoes,203
Golf Towel,204
Golf T-Shirt,205
Graphic Skate Hoodie,206
Graphic Tennis T-Shirt,207
Graphic Water Bottle,208
Gym Club Bag (24L),209
Gymsack,210
Gymsack (13L),211
Handbag,212
Hat,213
Headband,214
Headband 2.0,215
Heritage Backpack (25L),216
Heritage Waistpack,217
High-Pile Fleece Skate Hoodie,218
High-Rise Joggers,219
Hijab 2.0,220
Hip Pack (10L),221
Hip Pack (8L),222
Hoodie,223
Indoor Court Football Shoes,224
Indoor Court Shoe,225
Indoor Cycling Shoes,226
Indoor/Court Football Shoe,227
Jacket,228
Joggers,229
Jordan Dri-FIT NBA Swingman Jersey,230
Jordan NBA Swingman Jersey,231
Jug,232
Jumpman Flat Brim Snapback,233
Kids' Adjustable Hat,234
Kids' Backpack (16L),235
Kids' Backpack (18L),236
Kids' Backpack (20L),237
Kids' Backpack (Mini),238
"Kids' Backpack (Mini, 11L)",239
Kids' Beanie,240
Kids' Bucket Hat,241
Kids' Crew Socks (6 Pairs),242
Kids' Cushioned Crew Socks (3 Pairs),243
Kids' Football Shinguards,244
Kids' Golf Shoe,245
Kids' Graphic Backpack (20L),246
Kids' Graphic Gymsack,247
Kids' Hat,248
Kids' Headband,249
Kids' Hijab,250
Kids' Mini Backpack (11L),251
Kids' Printed Backpack (16L),252
Kids' Printed Backpack (18L),253
Kids' Printed Mini Backpack (11L),254
Kids' Training Gloves,255
Knit Reversible Seamless Headband,256
Lanyard Pouch,257
Lightweight Skate Jacket,258
Logo Skate T-Shirt,259
Logo Tennis Hat,260
Long-Sleeve Running T-Shirt,261
Long-Sleeve T-Shirt,262
Loose-Fit Skate Chino Trousers,263
Max90 T-Shirt,264
Men's 1/2-Length Racing Tights,265
Men's 1/2-Length Running Tights,266
Men's 1/2-Length Trail Running Tights,267
Men's 1/2-Zip,268
Men's 1/2-Zip Fleece Football Hoodie,269
Men's 1/2-Zip Golf Gilet,270
Men's 1/2-Zip Golf Top,271
Men's 1/2-Zip Hoodie,272
Men's 1/2-Zip Poly-Knit Jacket,273
Men's 1/2-Zip Running Top,274
Men's 1/2-Zip Top,275
Men's 1/2-Zip Trail Running Top,276
Men's 1/4-Zip Polyknit Top,277
Men's 1/4-Zip Running Top,278
Men's 1/4-Zip Top,279
Men's 10cm (approx.) Brief-Lined Running Shorts,280
Men's 10cm (approx.) Knit Brief-Lined Running Shorts,281
Men's 13cm (approx.) 2-in-1 Running Shorts,282
Men's 13cm (approx.) Belted Packable Swimming Trunks,283
Men's 13cm (approx.) Brief Running Shorts,284
Men's 13cm (approx.) Brief-Lined Running Shorts,285
Men's 13cm (approx.) Brief-Lined Trail Running Shorts,286
Men's 13cm (approx.) Lap Volley Swimming Shorts,287
Men's 13cm (approx.) Swimming Trunks,288
Men's 18cm (approx.) 2-in-1 Running Shorts,289
Men's 18cm (approx.) Brief Running Shorts,290
Men's 18cm (approx.) Brief-Lined Running Shorts,291
Men's 18cm (approx.) Running Shorts,292
Men's 18cm (approx.) Tennis Shorts,293
Men's 20cm (approx.) French Terry Basketball Shorts,294
Men's 20cm (approx.) Knit Training Shorts,295
Men's 21cm Training Shorts,296
Men's 23cm (approx.) Golf Chino Shorts,297
Men's 23cm (approx.) Tennis Shorts,298
Men's 23cm (approx.) Woven Graphic Fitness Shorts,299
Men's 23cm (approx.) Woven Training Shorts,300
Men's 28cm (approx.) Basketball Shorts,301
Men's 2-In-1 Jacket,302
Men's 2-In-1 Parka,303
Men's 2-In-1 Running Shorts,304
Men's 2-in-1 Shorts,305
Men's 3/4 Basketball Tights,306
Men's 3/4 Tights,307
Men's 3-in-1 Parka,308
Men's 3-In-1 Pinnacle Running Shorts,309
Men's 3-in-1 Shorts,310
Men's 3-Layer Jacket,311
"Men's 4""/10cm Running Shorts",312
Men's 5cm (approx.) Running Shorts,313
Men's 5-Pocket Slim-Fit Golf Trousers,314
"Men's 6"" (15cm approx.) Training Shorts",315
"Men's 8"" (20.5cm approx.) Basketball Shorts",316
Men's '85 Long-Sleeve T-Shirt,317
Men's Air Max Jacket,318
Men's All-over Print Basketball T-Shirt,319
Men's All-Over Print Cargo Shorts,320
Men's All-over Print Parka,321
Men's All-Over Print Short-Sleeve Top,322
Men's All-over Print Top,323
Men's Baggy Trousers,324
Men's Basketball Crew,325
Men's Basketball Crew Sweatshirt,326
Men's Basketball Crossover Jersey,327
Men's Basketball DNA Shorts,328
Men's Basketball Fleece Trousers,329
Men's Basketball Hoodie,330
Men's Basketball Jacket,331
Men's Basketball Jersey,332
Men's Basketball Premium Hoodie,333
Men's Basketball Premium Warm-Up Shirt,334
Men's Basketball Pullover Hoodie,335
Men's Basketball Reversible Jersey,336
Men's Basketball Reversible Shorts,337
Men's Basketball Shoes,338
Men's Basketball Shorts,339
Men's Basketball Top,340
Men's Basketball Trousers,341
Men's Basketball T-Shirt,342
Men's Blouson,343
Men's Boardshorts,344
Men's Bomber Jacket,345
Men's Bonded Parka,346
Men's Boot,347
Men's Brief-Lined Racing Trousers,348
Men's Brief-Lined Running Shorts,349
Men's Brushed-Back 1/2-Zip Sweatshirt,350
Men's Brushed-Back Fleece Crew,351
Men's Brushed-Back Fleece Joggers,352
Men's Brushed-Back Fleece Pullover Hoodie,353
Men's Brushed-Back Pullover Hoodie,354
Men's Button-Down Football Top,355
Men's Camo Graphic Training T-Shirt,356
Men's Camo Running Jacket,357
Men's Camo Tapered Training Trousers,358
Men's Camo Training T-Shirt,359
Men's Cardigan,360
Men's Cargo Shorts,361
Men's Cargo Trousers,362
Men's Checked Top,363
Men's Chino Checked Golf Shorts,364
Men's Classic Fleece Crew,365
Men's Classic Fleece Trousers,366
Men's Clay Court Tennis Shoe,367
Men's Clay Court Tennis Shoes,368
Men's Clay Tennis Shoes,369
Men's Club Anthem Jacket,370
Men's Collared Gilet,371
Men's Colour-Block Slim-Fit Polo,372
Men's Compression Shorts,373
Men's Convertible Golf Jacket,374
Men's Crew,375
Men's Crew Sweatshirt,376
Men's Cropped Golf Trousers,377
Men's Diamond Mesh Shorts,378
Men's Diamond Shorts,379
Men's Dip-Dye Joggers,380
Men's Dip-Dyed T-Shirt,381
Men's Down Parka,382
Men's Down-Fill Running Jacket,383
Men's Easy On/Off Road Running Shoes,384
Men's Easy On/Off Road Running Shoes (Extra Wide),385
Men's Easy On/Off Shoes,386
Men's Easy On/Off Training Shoes,387
Men's Engineered Fleece Trousers,388
Men's Engineered Golf Polo,389
Men's Engineered Sweatshirt,390
Men's Engineered Trousers,391
Men's Filled Bomber Jacket,392
Men's Filled Crew Top,393
Men's Filled Trousers,394
Men's Fitness Crew,395
Men's Fitness Shorts,396
Men's Fleece 1/2-Zip Top,397
Men's Fleece Basketball Trousers,398
Men's Fleece Camo Crew,399
Men's Fleece Cargo Trousers,400
Men's Fleece Crew,401
Men's Fleece Crew Sweatshirt,402
Men's Fleece Fitness Hoodie,403
Men's Fleece Fitness Trousers,404
Men's Fleece Football Hoodie,405
Men's Fleece Football Pants,406
Men's Fleece Football Shorts,407
Men's Fleece Football Tracksuit Jacket,408
Men's Fleece Full-Zip Football Hoodie,409
Men's Fleece Full-Zip Hoodie,410
Men's Fleece Full-Zip Jacket,411
Men's Fleece Graphic Hoodie,412
Men's Fleece Half-Zip Top,413
Men's Fleece Hooded Tracksuit,414
Men's Fleece Hoodie,415
Men's Fleece Jacket,416
Men's Fleece Joggers,417
Men's Fleece Printed Hoodie,418
Men's Fleece Pullover Hoodie,419
Men's Fleece Pullover Training Hoodie,420
Men's Fleece Shorts,421
Men's Fleece Sweatshirt,422
Men's Fleece Tennis Hoodie,423
Men's Fleece Training Trousers,424
Men's Fleece Trousers,425
Men's Flight Suit Jacket,426
Men's Flight Suit Trousers,427
Men's Floral Golf Polo,428
Men's Flow Shorts,429
Men's Football Drill Top,430
Men's Football Hoodie,431
Men's Football Jacket,432
Men's Football Pants,433
Men's Football Polo,434
Men's Football Shirt,435
Men's Football Shorts,436
Men's Football Top,437
Men's Football Tracksuit,438
Men's Football Tracksuit Bottoms,439
Men's Football Tracksuit Jacket,440
Men's Football T-Shirt,441
Men's French Terry Alumni Shorts,442
Men's French Terry Bottoms,443
Men's French Terry Cargo Shorts,444
Men's French Terry Crew,445
Men's French Terry Crew Sweatshirt,446
Men's French Terry Dip Dyed Shorts,447
Men's French Terry Dip-Dyed Pullover Hoodie,448
Men's French Terry Football Hoodie,449
Men's French Terry Football Pants,450
Men's French Terry Graphic Sweatshirt,451
Men's French Terry Hoodie,452
Men's French Terry Joggers,453
Men's French Terry Pullover,454
Men's French Terry Pullover Hoodie,455
Men's French Terry Shorts,456
Men's French Terry Trousers,457
Men's Full-Length Hybrid Running Trousers,458
Men's Full-Zip All-Over Print Hoodie,459
Men's Full-Zip Basketball Hoodie,460
Men's Full-Zip Camo Fitness Hoodie,461
Men's Full-Zip Camo Training Hoodie,462
Men's Full-Zip Fitness Hoodie,463
Men's Full-Zip Fleece Hoodie,464
Men's Full-Zip Fleece Jacket,465
Men's Full-Zip Football Jacket,466
Men's Full-Zip Football Tracksuit Jacket,467
Men's Full-Zip French Terry Hoodie,468
Men's Full-Zip Golf Gilet,469
Men's Full-Zip Golf Jacket,470
Men's Full-Zip Hooded Jacket,471
Men's Full-Zip Hooded Training Jacket,472
Men's Full-Zip Hooded Woven Jacket,473
Men's Full-Zip Hoodie,474
Men's Full-Zip Jacket,475
Men's Full-Zip Knit Football Jacket,476
Men's Full-Zip Lined Hooded Jacket,477
Men's Full-Zip Running Top,478
Men's Full-Zip Top,479
Men's Full-Zip Tracksuit Jacket,480
Men's Full-Zip Training Hoodie,481
Men's Full-Zip Utility Cardigan,482
Men's Game American Football Jersey,483
Men's Game Trousers,484
Men's Gilet,485
Men's Golf Crew,486
Men's Golf Glove (Left Regular),487
Men's Golf Hoodie,488
Men's Golf Jacket,489
Men's Golf Polo,490
Men's Golf Shoes,491
Men's Golf Shorts,492
Men's Golf Trousers,493
Men's Golf T-Shirt,494
Men's Graphic Crew,495
Men's Graphic Fleece Hoodie,496
Men's Graphic Fleece Pullover Hoodie,497
Men's Graphic Fleece Shorts,498
Men's Graphic Knit Shorts,499
Men's Graphic Long-Sleeve T-Shirt,500
Men's Graphic Pullover Hoodie,501
Men's Graphic Shorts,502
Men's Graphic Short-Sleeve Top,503
Men's Graphic Tank,504
Men's Graphic Training Tank,505
Men's Graphic Training T-Shirt,506
Men's Graphic T-Shirt,507
Men's Half-Zip Golf Top,508
Men's Half-Zip Tennis Top,509
Men's Hard Court Tennis Shoe,510
Men's Hard Court Tennis Shoes,511
Men's High-Pile Fleece Gilet,512
Men's High-Pile Fleece Pullover Hoodie,513
Men's HIIT Class Shoes,514
Men's Hooded Crew,515
Men's Hooded Jacket,516
Men's Hooded Shell Jacket,517
Men's Hooded TPU Jacket,518
Men's Hooded Training Tank,519
Men's Hooded Woven Tracksuit,520
Men's Hoodie,521
Men's Hot Yoga Shorts,522
Men's Hybrid Running Trousers,523
Men's Hybrid Wash Golf Shorts,524
Men's Hyper Dry Graphic Training Top,525
Men's Indoor Cycling Shoes,526
Men's Infinalon Shorts,527
Men's Insulated Full-Zip Hoodie,528
Men's Insulated Gilet,529
Men's Insulated Top,530
Men's Insulated Woven Reversible Bomber,531
Men's Jacket,532
Men's Jersey,533
Men's Jersey Joggers,534
Men's Jersey Trousers,535
Men's Joggers,536
Men's Jordan Dri-FIT ADV Football Shorts,537
Men's Jordan Dri-FIT ADV Knit Football Drill Top,538
Men's Jordan Dri-FIT ADV Knit Football Pants,539
Men's Jordan Dri-FIT Football Drill Top,540
Men's Jordan Dri-FIT Football Pants,541
Men's Jordan Dri-FIT Knit Football Shorts,542
Men's Jordan Dri-FIT Short-Sleeve Football Top,543
Men's Jordan NBA Swingman Shorts,544
Men's Jumper,545
Men's Jumper-Knit Golf Crew,546
Men's 'Just Do It' Basketball T-Shirt,547
Men's Knit Camo Training Shorts,548
Men's Knit Football Drill Suit,549
Men's Knit Football Jacket,550
Men's Knit Football Pants,551
Men's Knit Football Shorts,552
Men's Knit Football Tracksuit,553
Men's Knit Golf Jumper,554
Men's Knit Jumper,555
Men's Knit Running Trousers,556
Men's Knit Tracksuit Jacket,557
Men's Knit Trail Running Trousers,558
Men's Lightweight Basketball Jacket,559
Men's Lightweight Basketball Trousers,560
Men's Lightweight Hoodie,561
Men's Lightweight Jacket,562
Men's Lightweight Knit Shorts,563
Men's Lightweight Knit Short-Sleeve Top,564
Men's Lightweight Open Hem Trousers,565
Men's Limited American Football Jersey,566
Men's Lined Anorak,567
Men's Lined Bomber Jacket,568
Men's Lined Football Shorts,569
Men's Lined Jacket,570
Men's Lined Woven Shorts,571
Men's Lined Woven Tracksuit,572
Men's Liner Jacket,573
Men's Logo T-Shirt,574
Men's Long Shorts,575
Men's Long-Sleeve Base Layer Basketball Top,576
Men's Long-Sleeve Crew,577
Men's Long-Sleeve Floral T-Shirt,578
Men's Long-Sleeve Football Top,579
Men's Long-Sleeve Golf Polo,580
Men's Long-Sleeve Golf Top,581
Men's Long-Sleeve Hooded Training Top,582
Men's Long-Sleeve Knit Crew,583
Men's Long-Sleeve Knit Top,584
Men's Long-Sleeve Midlayer Top,585
Men's Long-Sleeve Pocket T-Shirt,586
Men's Long-Sleeve Print Skate T-Shirt,587
Men's Long-Sleeve Running Top,588
Men's Long-Sleeve Shooting Top,589
Men's Long-Sleeve Skate Polo,590
Men's Long-Sleeve Top,591
Men's Long-Sleeve Trail Running T-Shirt,592
Men's Long-Sleeve Training Top,593
Men's Long-Sleeve T-Shirt,594
Men's M65 Jacket,595
Men's MA-1 Jacket,596
Men's Mesh (15cm approx.) Basketball Shorts,597
Men's Mesh Graphic Shorts,598
Men's Mesh Jersey,599
Men's Mesh Shorts,600
Men's Mid Layer Running Top,601
Men's Mid-Thigh Basketball Shorts,602
Men's Mock-Neck Golf Polo,603
Men's Mock-Neck Top,604
Men's Mules,605
Men's Nike Air Hooded Woven Jacket,606
Men's Nike Air Woven Pants,607
Men's Nike Basketball Jersey,608
Men's Nike Dri-FIT 1/2-Zip Football Hoodie,609
Men's Nike Dri-FIT ADV Football Drill Top,610
Men's Nike Dri-FIT ADV Football Pants,611
Men's Nike Dri-FIT ADV Football Shirt,612
Men's Nike Dri-FIT ADV Football Shorts,613
Men's Nike Dri-FIT ADV Knit Football Drill Top,614
Men's Nike Dri-FIT ADV Knit Football Shorts,615
Men's Nike Dri-FIT ADV Short-Sleeve Football Top,616
Men's Nike Dri-FIT Basketball T-Shirt,617
Men's Nike Dri-FIT Fleece Football Pants,618
Men's Nike Dri-FIT Football Drill Top,619
Men's Nike Dri-FIT Football Pants,620
Men's Nike Dri-FIT Football Shirt,621
Men's Nike Dri-FIT Football Shorts,622
Men's Nike Dri-FIT Football Top,623
Men's Nike Dri-FIT Football Tracksuit,624
Men's Nike Dri-FIT Football Tracksuit Jacket,625
Men's Nike Dri-FIT Football T-Shirt,626
Men's Nike Dri-FIT Hooded Football Tracksuit Jacket,627
Men's Nike Dri-FIT Jersey,628
Men's Nike Dri-FIT Knit Football Drill Top,629
Men's Nike Dri-FIT Knit Football Pants,630
Men's Nike Dri-FIT Knit Football Shorts,631
Men's Nike Dri-FIT Knit Football Tracksuit,632
Men's Nike Dri-FIT Knit Football Tracksuit Bottoms,633
Men's Nike Dri-FIT Knit Football Trousers,634
Men's Nike Dri-FIT NBA Full-Zip Hoodie,635
Men's Nike Dri-FIT NBA Jersey,636
Men's Nike Dri-FIT NBA Logo T-Shirt,637
Men's Nike Dri-FIT NBA Long-Sleeve Top,638
Men's Nike Dri-FIT NBA Practice Long-Sleeve T-Shirt,639
Men's Nike Dri-FIT NBA Practice T-Shirt,640
Men's Nike Dri-FIT NBA Pullover Hoodie,641
Men's Nike Dri-FIT NBA Shorts,642
Men's Nike Dri-FIT NBA Sweatshirt,643
Men's Nike Dri-FIT NBA Swingman Shorts,644
Men's Nike Dri-FIT NBA Tank,645
Men's Nike Dri-FIT NBA Trousers,646
Men's Nike Dri-FIT NBA T-Shirt,647
Men's Nike Dri-FIT Pre-Match Football Top,648
Men's Nike Dri-FIT Pre-Match Short-Sleeve Football Top,649
Men's Nike Dri-FIT Short-Sleeve Football Top,650
Men's Nike Dri-FIT Slim-Fit Football Polo,651
Men's Nike Dri-FIT Travel Football Pants,652
Men's Nike Dri-FIT Woven Football Pants,653
Men's Nike Dri-FIT Woven Football Tracksuit,654
Men's Nike Football Jacket,655
Men's Nike Football Shirt,656
Men's Nike Football Tracksuit,657
Men's Nike NBA Fleece Pullover Hoodie,658
Men's Nike NBA Fleece Sweatshirt,659
Men's Nike NBA Fleece Trousers,660
Men's Nike NBA Full-Snap Lightweight Jacket,661
Men's Nike NBA Full-Zip Fleece Hoodie,662
Men's Nike NBA Jacket,663
Men's Nike NBA Shorts,664
Men's Nike NBA Swingman Shorts,665
Men's Nike NBA Tracksuit,666
Men's Nike NBA Tracksuit Jacket,667
Men's Nike NBA Trousers,668
Men's Nike NBA T-Shirt,669
Men's Nike Storm-FIT Jacket,670
Men's Nike Therma-FIT Football Drill Top,671
Men's Nike Therma-FIT Football Jacket,672
Men's Open-Collar Top,673
Men's Oversized T-Shirt,674
Men's Over-the-Knee Training Shorts,675
Men's Padded Hooded Jacket,676
Men's Pants,677
Men's Paris T-Shirt,678
Men's Parka,679
Men's Performance Hoodie,680
Men's Performance Shorts,681
Men's Performance Trousers,682
Men's Pinnacle Running Tank,683
Men's Pocket T-Shirt,684
Men's Polo,685
Men's Poly-Knit Jacket,686
Men's Poly-Knit Tracksuit,687
Men's Poly-Knit Trousers,688
Men's Poncho,689
Men's Poolside Shorts,690
Men's Pre-Match Short-Sleeve Football Top,691
Men's Premium 15cm (approx.) Basketball Shorts,692
Men's Premium Basketball Hoodie,693
Men's Premium Basketball Jacket,694
Men's Premium Basketball Jersey,695
Men's Premium Basketball Shorts,696
Men's Premium Basketball Trousers,697
Men's Premium Basketball T-Shirt,698
Men's PRIMALOFT ® Filled Parka,699
Men's PRIMALOFT ® Insulated Gilet,700
Men's PRIMALOFT ® Jacket,701
Men's PRIMALOFT Â® Insulated Gilet,702
Men's PRIMALOFT Â® Jacket,703
Men's PrimaLoft® Jacket,704
Men's PrimaLoftÂ® Jacket,705
Men's Print Golf Polo,706
Men's Print Short-Sleeve Football Top,707
Men's Print Tennis Shorts,708
Men's Print Tennis Top,709
Men's Printed Diamond Shorts,710
Men's Printed Fleece Hoodie,711
Men's Printed Fleece Trousers,712
Men's Printed Golf Polo,713
Men's Printed Jersey,714
Men's Printed Mesh Jersey,715
Men's Printed Shorts,716
Men's Printed Slide,717
Men's Printed Slim-Fit Polo,718
Men's Printed Trail Running Gilet,719
Men's Printed T-Shirt,720
Men's Protect Jacket,721
Men's Puffer Jacket,722
Men's Pullover Basketball Hoodie,723
Men's Pullover Fitness Hoodie,724
Men's Pullover Fleece Football Hoodie,725
Men's Pullover Fleece Hoodie,726
Men's Pullover Fleece Training Hoodie,727
Men's Pullover Hoodie,728
Men's Pullover Trail Running Hoodie,729
Men's Pullover Training Hoodie,730
Men's Quarter-Zip Golf Top,731
Men's Racing Tights,732
Men's Racing Trousers,733
Men's Racing Vest,734
Men's Recovery Training Tights,735
Men's Recovery Training Top,736
Men's Reflective-Design Unlined Cargo Trousers,737
Men's Repeat Woven Flow Shorts,738
Men's Retro T-Shirt,739
Men's Reversible Basketball Jersey,740
Men's Reversible Basketball Shorts,741
Men's Reversible Running Jacket,742
Men's Reversible Short-Sleeve Top,743
Men's Road Racing Shoes,744
Men's Road Running Shoes,745
Men's Road Running Shoes (Extra Wide),746
Men's Running Crew,747
Men's Running Gilet,748
Men's Running Gloves,749
Men's Running Hoodie,750
Men's Running Jacket,751
Men's Running Midlayer,752
Men's Running Shoes (Extra Wide),753
Men's Running Singlet,754
Men's Running Tank,755
Men's Running Tights,756
Men's Running Top,757
Men's Running Trousers,758
Men's Running T-Shirt,759
Men's Running Windrunner Jacket,760
Men's Seamless Training Top,761
Men's Seasonal Tennis T-Shirt,762
Men's Seersucker Chino Trousers,763
Men's Semi-Brushed Back Pullover Hoodie,764
Men's Semi-Brushed Crew Top,765
Men's Shell Parka,766
Men's Sherpa Button-Down Jacket,767
Men's Shirt Jacket,768
Men's Shoe,769
Men's Shoes,770
Men's Shorts,771
Men's Short-Sleeve Base Layer Basketball Top,772
Men's Short-Sleeve Basketball Top,773
Men's Short-Sleeve Camo Running Top,774
Men's Short-Sleeve Crew,775
Men's Short-Sleeve Fitness Top,776
Men's Short-Sleeve Football Top,777
Men's Short-Sleeve Knit Top,778
Men's Short-Sleeve Running Top,779
Men's Short-Sleeve Tennis Top,780
Men's Short-Sleeve Top,781
Men's Short-Sleeve Trail Running Top,782
Men's Short-Sleeve Training Top,783
Men's Short-Sleeve T-Shirt,784
Men's Shower Slide,785
Men's Sleeveless Basketball Top,786
Men's Sleeveless Football Top,787
Men's Sleeveless Hooded Pullover Training Top,788
Men's Sleeveless Top,789
Men's Slide,790
Men's Slides,791
Men's Slim-Fit Golf Chino Trousers,792
Men's Slim-Fit Golf Trousers,793
Men's Slim-Fit Polo,794
Men's Sneaker Trousers,795
Men's Sole T-Shirt,796
Men's Sports Utility 1/2-Zip Fleece Hoodie,797
Men's Sports Utility Fleece Gilet,798
Men's Sports Utility Fleece Joggers,799
Men's Sports Utility Fleece Pullover Hoodie,800
Men's Sports Utility Fleece Sweatshirt,801
Men's Sports Utility Full-Zip Fleece Hoodie,802
Men's Stadium Jersey,803
Men's Standard Fit Golf Chino Trousers,804
Men's Statement Down Parka,805
Men's Statement Fleece Full-Zip Hoodie,806
Men's Statement Fleece Hoodie,807
Men's Statement Fleece Pullover Hoodie,808
Men's Statement Fleece Trousers,809
Men's Statement Gilet,810
Men's Statement Graphic Fleece Trousers,811
Men's Statement Jacket,812
Men's Statement Parka,813
Men's Statement Poolside Shorts,814
Men's Statement Puffer Jacket,815
Men's Statement Pullover Hoodie,816
Men's Statement Shorts,817
Men's Statement Top,818
Men's Statement Trousers,819
Men's Statement T-Shirt,820
Men's Statement Warm-up Jacket,821
Men's Statement Warm-Up Trousers,822
Men's Statement Woven Trousers,823
Men's Stretch Shorts,824
Men's Striped Golf Polo,825
Men's Striped Polo,826
Men's Striped Slim-Fit Polo,827
Men's Striped T-Shirt,828
Men's Suit Jacket,829
Men's Sweatshirt,830
Men's Sweatshirt Football Hoodie,831
Men's Swimming Briefs,832
Men's Swimming Jammer,833
Men's Swoosh Tennis T-Shirt,834
Men's Swoosh Training T-Shirt,835
Men's Synthetic-Fill Jacket,836
Men's Synthetic-Fill Running Gilet,837
Men's Synthetic-Fill Running Jacket,838
Men's Tank,839
Men's Tank Top,840
Men's Tapered Fitness Trousers,841
Men's Tapered Training Trousers,842
Men's Tennis Jacket,843
Men's Tennis Polo,844
Men's Tennis Shorts,845
Men's Tennis Top,846
Men's Tennis Trousers,847
Men's Tennis T-Shirt,848
Men's Tie-Dyed T-Shirt,849
Men's Tight Shorts,850
Men's Tight-Fit Long-Sleeve Top,851
Men's Tight-Fit Short-Sleeve Top,852
Men's Tight-Fit Sleeveless Top,853
Men's Tights,854
Men's Top,855
Men's Tracksuit,856
Men's Tracksuit Bottoms,857
Men's Tracksuit Jacket,858
Men's Trail Running Hoodie,859
Men's Trail Running Jacket,860
Men's Trail Running Shoes,861
Men's Trail Running Trousers,862
Men's Trail Trousers,863
Men's Trail-Running Shoes,864
Men's Training Belt,865
Men's Training Crew,866
Men's Training Drill Trousers,867
Men's Training Full-Zip Bomber Jacket,868
Men's Training Gloves,869
Men's Training Hoodie,870
Men's Training Long-Sleeve T-Shirt,871
Men's Training Shoe,872
Men's Training Shoes,873
Men's Training Shoes (Extra Wide),874
Men's Training Shorts,875
Men's Training Tank,876
Men's Training Tee,877
Men's Training Tights,878
Men's Training Top,879
Men's Training Trousers,880
Men's Training T-Shirt,881
Men's Transitional Running Jacket,882
Men's Transitional Running Trousers,883
Men's Tri-Blend T-Shirt,884
Men's Trousers,885
Men's T-Shirt,886
Men's Unlined Bomber Jacket,887
Men's Unlined Checked Shorts,888
Men's Unlined Chore Coat,889
Men's Unlined Cotton Chino Trousers,890
Men's Unlined Cropped Trousers,891
Men's Unlined Gilet,892
Men's Unlined Trousers,893
Men's Unlined Utility Cargo Trousers,894
Men's Unlined Woven Cargo Trousers,895
Men's Unlined Woven Joggers,896
Men's Utility Jacket,897
Men's Utility Shorts,898
Men's Utility Trousers,899
Men's Warm-Up Jacket,900
Men's Warm-Up Trousers,901
Men's Wash Full-Zip Hoodie,902
Men's Wash Shorts,903
Men's Washed Fleece Hoodie,904
Men's Washed Fleece Shorts,905
Men's Waterproof Trail Running Shoes,906
Men's Windproof Print Jacket,907
Men's Winterized Full-Zip Training Hoodie,908
Men's Winterized Training Gilet,909
Men's Winterized Training Trousers,910
Men's Wordmark T-Shirt,911
Men's Worker Trousers,912
Men's Woven Bomber Jacket,913
Men's Woven Button-Up Top,914
Men's Woven Cargo Trousers,915
Men's Woven Commuter Trousers,916
Men's Woven Flow Shorts,917
Men's Woven Football Jacket,918
Men's Woven Football Shorts,919
Men's Woven Football Tracksuit Bottoms,920
Men's Woven Graphic Fitness Shorts,921
Men's Woven Hybrid Running Trousers,922
Men's Woven Jacket,923
Men's Woven Lined Bomber Jacket,924
Men's Woven Lined Flow Shorts,925
Men's Woven Lined Flow Shorts (Long),926
Men's Woven Lined Jacket,927
Men's Woven Pants,928
Men's Woven Poncho,929
Men's Woven Running Jacket,930
Men's Woven Running Trousers,931
Men's Woven Shirt,932
Men's Woven Shorts,933
Men's Woven Team Training Trousers,934
Men's Woven Track Jacket,935
Men's Woven Track Suit,936
Men's Woven Tracksuit,937
Men's Woven Training Jacket,938
Men's Woven Training Shorts,939
Men's Woven Trousers,940
Men's Woven Unlined Cargo Shorts,941
Men's Woven Unlined Cargo Trousers,942
Men's Woven Unlined Jacket,943
Men's Woven Unlined Sneaker Trousers,944
Men's Woven Unlined Tracksuit Bottoms,945
Men's Woven Unlined Utility Shorts,946
Men's Woven Utility Shorts,947
Men's Yoga Trousers,948
Messenger Bag (15L),949
Mid-Rise Leggings,950
Mini Backpack (6L),951
Mules,952
Multi-Ground Football Boot,953
Multi-Ground Football Boots,954
Neck Warmer,955
Neck Wrap,956
Nike Dri-FIT ADV NBA Authentic Jersey,957
Nike Dri-FIT NBA Swingman Jersey,958
Nike Dri-FIT Reversible Bucket Hat,959
Nike Dri-FIT T-Shirt,960
Nike Dri-FIT WNBA Victory Jersey,961
Nike Footie Socks,962
Nike NBA Adjustable Hat,963
Nike NBA Hat,964
Nike NBA Jersey,965
Nike NBA Swingman Jersey,966
Nike Sport Band – Regular,967
Nike Sport Band â€“ Regular,968
No-Show Running Socks,969
No-Show Socks (3 Pairs),970
Older Kids' (Boys') 1/2-Zip Fleece Hoodie,971
Older Kids' (Boys') 1/2-Zip Hoodie,972
Older Kids' (Boys') 1/4-Zip Training Top,973
Older Kids' (Boys') 10cm (approx.) Swimming Trunks,974
Older Kids' (Boys') 5-Pocket Golf Trousers,975
Older Kids' (Boys') Amplify Sweatshirt,976
Older Kids' (Boys') Anorak Jacket,977
Older Kids' (Boys') Basketball Hoodie,978
Older Kids' (Boys') Basketball Shorts,979
Older Kids' (Boys') Basketball Trousers,980
Older Kids' (Boys') Bomber Jacket,981
Older Kids' (Boys') Brushed Full-Zip Hoodie,982
Older Kids' (Boys') Brushed Trousers,983
Older Kids' (Boys') Cargo Shorts,984
Older Kids' (Boys') Cargo Trousers,985
Older Kids' (Boys') Cargo Trousers (Extended Size),986
Older Kids' (Boys') Crew,987
Older Kids' (Boys') Crew Sweatshirt,988
Older Kids' (Boys') Crew-Neck Training Sweatshirt,989
Older Kids' (Boys') Fleece Cargo Trousers,990
Older Kids' (Boys') Fleece Full-Zip Hoodie,991
Older Kids' (Boys') Fleece Hoodie,992
Older Kids' (Boys') Fleece Joggers,993
Older Kids' (Boys') Fleece Sweatshirt,994
Older Kids' (Boys') Fleece Trousers,995
Older Kids' (Boys') French Terry Crew,996
Older Kids' (Boys') French Terry Full-Zip Hoodie,997
Older Kids' (Boys') French Terry Shorts,998
Older Kids' (Boys') French Terry Sweatshirt,999
Older Kids' (Boys') French Terry Trousers,1000
Older Kids' (Boys') Full-Zip Fleece Hoodie,1001
Older Kids' (Boys') Full-Zip Hoodie,1002
Older Kids' (Boys') Full-Zip Hoodie (Extended Size),1003
Older Kids' (Boys') Full-Zip Training Hoodie,1004
Older Kids' (Boys') Full-Zip Training Hoodie (Extended Size),1005
Older Kids' (Boys') Golf Polo,1006
Older Kids' (Boys') Golf Shorts,1007
Older Kids' (Boys) Graphic Full-Zip Training Hoodie,1008
Older Kids' (Boys') Graphic Tapered Training Trousers,1009
Older Kids' (Boys') Graphic Training Shorts,1010
Older Kids' (Boys') Graphic Training Top,1011
Older Kids' (Boys') Half-Zip Golf Top,1012
Older Kids' (Boys') Hoodie,1013
Older Kids' (Boys') Jacket,1014
Older Kids' (Boys') Jacket (Extended Size),1015
Older Kids' (Boys') Jersey Shorts,1016
Older Kids' (Boys') Joggers,1017
Older Kids' (Boys') Logo T-Shirt,1018
Older Kids' (Boys') Long-Sleeve Top,1019
Older Kids' (Boys') Long-Sleeve Training Top,1020
Older Kids' (Boys') Long-Sleeve T-Shirt,1021
Older Kids' (Boys') Poly+ Training Trousers,1022
Older Kids' (Boys') Printed French Terry Hoodie,1023
Older Kids' (Boys') Printed French Terry Shorts,1024
Older Kids' (Boys') Printed French Terry Sweatshirt,1025
Older Kids' (Boys') Printed Golf Polo,1026
Older Kids' (Boys') Printed Pullover Hoodie,1027
Older Kids' (Boys') Printed Tennis Top,1028
Older Kids' (Boys') Puffer Jacket,1029
Older Kids' (Boys) Pullover Hoodie,1030
Older Kids' (Boys') Pullover Hoodie,1031
Older Kids' (Boys') Pullover Hoodie (Extended Size),1032
Older Kids' (Boys') Repeat Shorts,1033
Older Kids' (Boys') Reversible Basketball Jersey,1034
Older Kids' (Boys') Seasonal Printed Top,1035
Older Kids' (Boys') Shorts,1036
Older Kids' (Boys') Shorts (Extended Size),1037
Older Kids' (Boys') Short-Sleeve Hoodie,1038
Older Kids' (Boys') Short-Sleeve Tennis Top,1039
Older Kids' (Boys') Short-Sleeve Top,1040
Older Kids' (Boys') Short-Sleeve Training Top,1041
Older Kids' (Boys') Short-Sleeve Training Top (Extended Size),1042
Older Kids' (Boys') Sleeveless Top,1043
Older Kids' (Boys') Sweatshirt,1044
Older Kids' (Boys') Swim Shorts,1045
Older Kids' (Boys') Tapered Training Trousers,1046
Older Kids' (Boys') Tapered Training Trousers (Extended Size),1047
Older Kids' (Boys') Tennis Shorts,1048
Older Kids' (Boys') Tights,1049
Older Kids' (Boys') Top,1050
Older Kids' (Boys') Tracksuit,1051
Older Kids' (Boys') Training Joggers,1052
Older Kids' (Boys') Training Shorts,1053
Older Kids' (Boys') Training Top,1054
Older Kids (Boys') Trousers,1055
Older Kids' (Boys') Trousers,1056
Older Kids' (Boys') Trousers (Extended Size),1057
Older Kids' (Boys') T-Shirt,1058
Older Kids' (Boys') T-Shirt (Extended Size),1059
Older Kids' (Boys') Woven Shorts,1060
Older Kids' (Boys') Woven Training Jacket,1061
Older Kids' (Boys') Woven Training Trousers,1062
Older Kids' (Girls') 1/2-Zip Running Top (Extended Size),1063
Older Kids' (Girls') 1/2-Zip Winterized Hoodie,1064
Older Kids' (Girls') 15cm (approx.) Training Shorts,1065
Older Kids' (Girls') 18cm (approx.) Bike Shorts,1066
Older Kids' (Girls') 18cm (approx.) Bike Shorts (Extended Size),1067
"Older Kids' (Girls') 3.5"" (9cm approx.) Running Shorts",1068
Older Kids' (Girls') 3/4-Sleeve Top,1069
Older Kids' (Girls') 8cm (approx.) Shorts,1070
Older Kids' (Girls') Bike Shorts,1071
Older Kids' (Girls') Boxy Dance T-Shirt,1072
Older Kids' (Girls') Capri Leggings,1073
Older Kids' (Girls') Cargo Trousers,1074
Older Kids' (Girls') Crew,1075
Older Kids' (Girls') Crew Sweatshirt,1076
Older Kids' (Girls') Crop Jacket,1077
Older Kids' (Girls') Crop T-Shirt,1078
Older Kids' (Girls') Cropped Dance T-Shirt,1079
Older Kids' (Girls') Cropped T-Shirt,1080
Older Kids' (Girls') Dance Pullover Hoodie,1081
Older Kids' (Girls') Dance Sweatshirt,1082
Older Kids' (Girls') Dress,1083
Older Kids' (Girls') Fleece Dress,1084
Older Kids' (Girls') Fleece Hoodie,1085
Older Kids' (Girls') Fleece Long-Sleeve Mock-Neck Top,1086
Older Kids' (Girls') Fleece Sweatshirt,1087
Older Kids' (Girls') Fleece Top,1088
Older Kids' (Girls') Fleece Trousers,1089
Older Kids' (Girls') French Terry Crew,1090
Older Kids' (Girls') French Terry Crop Hoodie,1091
Older Kids' (Girls') French Terry Cropped Hoodie,1092
Older Kids' (Girls') French Terry Cropped Hoodie (Extended Size),1093
Older Kids' (Girls') French Terry Dance Shorts,1094
Older Kids' (Girls') French Terry Dance Trousers,1095
Older Kids' (Girls') French Terry Dress,1096
Older Kids' (Girls') French Terry Shorts,1097
Older Kids' (Girls') French Terry Shorts (Extended Size),1098
Older Kids' (Girls') French Terry Sweatshirt,1099
Older Kids' (Girls') French Terry Trousers,1100
Older Kids' (Girls') Full-Zip Fleece Hoodie,1101
Older Kids' (Girls') Full-Zip Hoodie,1102
Older Kids' (Girls') Full-Zip Jersey Hoodie,1103
Older Kids' (Girls') Golf Skirt,1104
Older Kids' (Girls') Graphic High-Waisted Leggings,1105
Older Kids' (Girls') Graphic Leggings,1106
Older Kids' (Girls') High-Rise 23cm (approx.) Bike Shorts,1107
Older Kids' (Girls') High-Rise 23cm (approx.) Bike Shorts (Extended Size),1108
Older Kids' (Girls') High-Rise Leggings,1109
Older Kids' (Girls') High-Waisted Dance Leggings,1110
Older Kids' (Girls') High-Waisted Leggings,1111
Older Kids' (Girls') High-Waisted Tracksuit,1112
Older Kids' (Girls') High-Waisted Tracksuit (Extended Size),1113
Older Kids' (Girls') Hoodie,1114
Older Kids' (Girls') Jacket,1115
Older Kids' (Girls') Jersey Crew,1116
Older Kids' (Girls') Jersey Dress,1117
Older Kids' (Girls') Jersey Shorts,1118
Older Kids' (Girls') Jersey Tank,1119
Older Kids' (Girls') Jersey Trousers,1120
Older Kids' (Girls') Jumpsuit,1121
Older Kids' (Girls') Leggings,1122
Older Kids' (Girls') Leggings (Extended Size),1123
Older Kids' (Girls') Long-Sleeve Cropped T-Shirt,1124
Older Kids' (Girls') Long-Sleeve Running Top,1125
Older Kids' (Girls') Long-Sleeve Top,1126
Older Kids' (Girls') Long-Sleeve T-Shirt,1127
Older Kids' (Girls') Mid-Rise Leggings,1128
Older Kids' (Girls') Mid-Rise Leggings (Extended Size),1129
Older Kids' (Girls') Printed Dance Leggings,1130
Older Kids' (Girls') Printed Fleece Hoodie,1131
Older Kids' (Girls') Printed Leggings,1132
Older Kids' (Girls') Printed Reversible Sports Bra,1133
Older Kids' (Girls') Printed Running Shorts,1134
Older Kids' (Girls') Printed Short-Sleeve Dress,1135
Older Kids' (Girls') Printed Training Leggings,1136
Older Kids' (Girls') Printed Trousers,1137
Older Kids' (Girls') Pullover Hoodie,1138
Older Kids' (Girls') Reversible Sports Bra,1139
Older Kids' (Girls') Romper,1140
Older Kids' (Girls') Running Shorts,1141
Older Kids' (Girls') Shorts,1142
Older Kids' (Girls') Short-Sleeve Tennis Top,1143
Older Kids' (Girls') Short-Sleeve Top,1144
Older Kids' (Girls') Short-Sleeve Training Top,1145
Older Kids' (Girls') Short-Sleeve Training Top (Extended Size),1146
Older Kids' (Girls') Skirt,1147
Older Kids' (Girls') Spiderback Midkini Set,1148
Older Kids' (Girls') Sports Bra,1149
Older Kids' (Girls') Sprinter Running Shorts,1150
Older Kids' (Girls') Sweatshirt,1151
Older Kids' (Girls') Swoosh Leggings,1152
Older Kids' (Girls') Synthetic-Fill Hooded Jacket,1153
Older Kids' (Girls') Tank,1154
Older Kids' (Girls') Tennis Shorts,1155
Older Kids' (Girls') Tennis Skirt,1156
Older Kids' (Girls') Tennis Tank,1157
Older Kids' (Girls') Top,1158
Older Kids' (Girls') Top (Extended Size),1159
Older Kids' (Girls') Training Shorts,1160
Older Kids' (Girls') Training Tank,1161
Older Kids' (Girls') Training Top,1162
Older Kids' (Girls') Training T-Shirt,1163
Older Kids' (Girls) Trousers,1164
Older Kids' (Girls') Trousers,1165
Older Kids' (Girls) T-Shirt,1166
Older Kids' (Girls') T-Shirt,1167
Older Kids' (Girls') T-Shirt Dress,1168
Older Kids' (Girls') V-Neck T-Shirt,1169
Older Kids' (Girls') Winterized Jacket,1170
Older Kids' (Girls') Woven Cargo Trousers,1171
Older Kids' (Girls') Woven Hooded Jacket,1172
Older Kids' (Girls') Woven Shorts,1173
Older Kids' (Girls') Woven Short-Sleeve Top,1174
Older Kids' Adjustable Hat,1175
Older Kids' Basketball Shoes,1176
Older Kids' Basketball T-Shirt,1177
Older Kids' Beanie,1178
Older Kids' Bike Shorts,1179
Older Kids' Boot,1180
Older Kids' Boots,1181
Older Kids' Cap,1182
Older Kids' Cotton T-Shirt,1183
Older Kids' Cropped Hoodie,1184
Older Kids' Cushioned Ankle Socks (3 Pairs),1185
Older Kids' Cushioned No-Show Socks (3 Pairs),1186
Older Kids' Dress,1187
Older Kids' Easy On/Off Basketball Shoes,1188
Older Kids' Easy On/Off Road Running Shoes,1189
Older Kids' Fleece Football Pants,1190
Older Kids' Fleece Hoodie,1191
Older Kids' Football Crew,1192
Older Kids' Football Drill Top,1193
Older Kids' Football Gloves,1194
Older Kids' Football Hoodie,1195
Older Kids' Football Jacket,1196
Older Kids' Football Pants,1197
Older Kids' Football Polo,1198
Older Kids' Football Pullover Hoodie,1199
Older Kids' Football Shirt,1200
Older Kids' Football Shorts,1201
Older Kids' Football Top,1202
Older Kids' Football Track Jacket,1203
Older Kids' Football TrackJacket,1204
Older Kids' Football Tracksuit,1205
Older Kids' Football Tracksuit Bottoms,1206
Older Kids' Football Tracksuit Jacket,1207
Older Kids' Football T-Shirt,1208
Older Kids' French Terry Sweatshirt,1209
Older Kids' French Terry Tracksuit,1210
Older Kids' Full-Zip Fleece Hoodie,1211
Older Kids' Full-Zip Football Tracksuit Jacket,1212
Older Kids' Full-Zip Graphic Hoodie,1213
Older Kids' Full-Zip Hoodie,1214
Older Kids' Game American Football Jersey,1215
Older Kids' Graphic Football Jacket,1216
Older Kids' Graphic Football Shorts,1217
Older Kids' Hooded Jacket,1218
Older Kids' Hoodie,1219
Older Kids' Indoor Court Shoes,1220
Older Kids' Insulated Jacket,1221
Older Kids' Jacket,1222
Older Kids' JDI T-Shirt,1223
Older Kids' Jersey,1224
Older Kids' Joggers,1225
Older Kids' Jordan Dri-FIT Football Pants,1226
Older Kids' Jordan Dri-FIT Knit Football Drill Top,1227
Older Kids' Jordan Dri-FIT Short-Sleeve Football Top,1228
Older Kids' Jordan Long-Sleeve T-Shirt,1229
Older Kids' Jordan NBA Fleece Pullover Hoodie,1230
Older Kids' Jordan NBA Swingman Jersey,1231
Older Kids' Jordan NBA Swingman Trousers,1232
Older Kids' Knit Football Jacket,1233
Older Kids' Knit Football Pants,1234
Older Kids' Knit Football Shorts,1235
Older Kids' Knit Football Tracksuit,1236
Older Kids' Lightweight No-Show Socks (6 Pairs),1237
Older Kids' Long-Sleeve Football Shirt,1238
Older Kids' Long-Sleeve Graphic Top,1239
Older Kids' Long-Sleeve NBA T-Shirt,1240
Older Kids' MVP T-Shirt,1241
Older Kids' NBA Jersey,1242
Older Kids' NBA T-Shirt,1243
Older Kids' Nike Basketball Jersey,1244
Older Kids' Nike Basketball Shorts,1245
Older Kids' Nike Dri-FIT 1/2-Zip Travel Football Hoodie,1246
Older Kids' Nike Dri-FIT ADV Football Shirt,1247
Older Kids' Nike Dri-FIT Basketball T-Shirt,1248
Older Kids' Nike Dri-FIT Fleece Football Pants,1249
Older Kids' Nike Dri-FIT Football Drill Top,1250
Older Kids' Nike Dri-FIT Football Jacket,1251
Older Kids' Nike Dri-FIT Football Pants,1252
Older Kids' Nike Dri-FIT Football Shirt,1253
Older Kids' Nike Dri-FIT Football Shorts,1254
Older Kids' Nike Dri-FIT Football Top,1255
Older Kids' Nike Dri-FIT Football Tracksuit,1256
Older Kids' Nike Dri-FIT Football T-Shirt,1257
Older Kids' Nike Dri-FIT Hooded Football Tracksuit,1258
Older Kids' Nike Dri-FIT Hooded Tracksuit,1259
Older Kids' Nike Dri-FIT Knit Football Drill Top,1260
Older Kids' Nike Dri-FIT Knit Football Pants,1261
Older Kids' Nike Dri-FIT Knit Football Shorts,1262
Older Kids' Nike Dri-FIT Knit Football Tracksuit,1263
Older Kids' Nike Dri-FIT Knit Football Trousers,1264
Older Kids' Nike Dri-FIT Knit Tracksuit,1265
Older Kids' Nike Dri-FIT NBA Long-Sleeve Jacket,1266
Older Kids' Nike Dri-FIT NBA Short-Sleeve Jacket,1267
Older Kids' Nike Dri-FIT NBA Swingman Jersey,1268
Older Kids' Nike Dri-FIT NBA Swingman Shorts,1269
Older Kids' Nike Dri-FIT NBA T-Shirt,1270
Older Kids' Nike Dri-FIT Pre-Match Football Top,1271
Older Kids' Nike Dri-FIT Pullover Hoodie,1272
Older Kids' Nike Dri-FIT Short-Sleeve Football Top,1273
Older Kids' Nike Dri-FIT Strike Football Drill Top,1274
Older Kids' Nike Dri-FIT Travel Football Pants,1275
Older Kids' Nike Dri-FIT WNBA Victory Jersey,1276
Older Kids' Nike Football Jacket,1277
Older Kids' Nike Football Pants,1278
Older Kids' Nike Football Shirt,1279
Older Kids' Nike Football Shorts,1280
Older Kids' Nike NBA Fleece Pullover Hoodie,1281
Older Kids' Nike NBA Full-Zip Tracksuit,1282
Older Kids' Nike NBA Jersey,1283
Older Kids' Nike NBA Long-Sleeve T-Shirt,1284
Older Kids' Nike NBA Swingman Jersey,1285
Older Kids' Nike NBA Swingman Shorts,1286
Older Kids' Nike NBA Tracksuit,1287
Older Kids' Nike NBA T-Shirt,1288
Older Kids' Nike WNBA T-Shirt,1289
Older Kids' Pants,1290
Older Kids' Paris Saint-Germain T-Shirt,1291
Older Kids' Poly Tracksuit,1292
Older Kids' Poncho,1293
Older Kids' Pre-Match Short-Sleeve Football Top,1294
Older Kids' Pullover Football Hoodie,1295
Older Kids' Pullover Hoodie,1296
Older Kids' Road Running Shoes,1297
Older Kids' Running Shoes,1298
Older Kids' Shoe,1299
Older Kids' Shoes,1300
Older Kids' Shorts,1301
Older Kids' Short-Sleeve Football Top,1302
Older Kids' Short-Sleeve Graphic Football Top,1303
Older Kids' Short-Sleeve Polo,1304
Older Kids' Short-Sleeve Top,1305
Older Kids' Slides,1306
Older Kids' Sports Bra,1307
Older Kids' Sweatshirt,1308
Older Kids' Swoosh Training T-Shirt,1309
Older Kids' Synthetic-Fill Gilet,1310
Older Kids' Synthetic-Fill Hooded Jacket,1311
Older Kids' Synthetic-Fill Hooded Parka,1312
Older Kids' Tank Top,1313
Older Kids' Tennis T-Shirt,1314
Older Kids' Throwback Graphic T-Shirt,1315
Older Kids' Tracksuit,1316
Older Kids' Training T-Shirt,1317
Older Kids' Trousers,1318
Older Kids' T-Shirt,1319
Older Kids' T-Shirt (Extended Size),1320
Older Kids' Woven Football Tracksuit Bottoms,1321
Older Kids' Woven Jacket,1322
Older Kids' Woven Trousers,1323
Older/Younger Kids' Slide,1324
Older/Younger Kids' Slides,1325
Over-Oversized Fleece Crew Sweatshirt,1326
Over-Oversized Fleece Dance Sweatshirt,1327
Oversized Fleece Funnel-Neck Hoodie,1328
Oversized Fleece Funnel-Neck Sweatshirt,1329
Oversized Fleece Hoodie,1330
Oversized Hoodie,1331
Oversized-Fit Dance Hoodie,1332
Over-The-Calf Compression Running Socks,1333
Over-the-Calf Football Socks,1334
Over-the-Calf Socks,1335
Packable Jacket,1336
Perforated Running Cap,1337
Performance Face Mask,1338
Premium Fleece Skate Hoodie,1339
Premium Skate Hoodie,1340
Premium Skate Top,1341
Pride Edition Nike Sport Loop,1342
Print Fleece Skate Hoodie,1343
Printed Backpack (32L),1344
"Printed Backpack (Medium, 24L)",1345
Printed Bandana,1346
Printed Golf Hat,1347
Printed Headband,1348
Printed Hijab,1349
Printed Knit Skate Top,1350
Printed Neck Wrap,1351
Printed Tennis T-Shirt,1352
Printed Training Backpack (27L),1353
"Printed Training Duffel Bag (Medium, 51L)",1354
"Printed Training Duffel Bag (Medium, 60L)",1355
"Printed Training Duffel Bag (Small, 31L)",1356
"Printed Training Duffel Bag (Small, 41L)",1357
Printed Yoga Mat,1358
Pro Elite Sleeves (1 Pair),1359
Pullover Hoodie,1360
Pullover Skate Hoodie,1361
Racerback Bikini Top,1362
Raglan Skate T-Shirt,1363
Recovery Foam Roller,1364
Reversible Head Tie,1365
Reversible Neckwarmer 2.0,1366
Reversible Skate Beanie,1367
Reversible Skate Bucket Hat,1368
Road Racing Shoe,1369
Road Racing Shoes,1370
Roller Bag (120L),1371
Rucksack,1372
Running Ankle Socks,1373
Running Ankle Socks (2 Pairs),1374
Running Cap,1375
Running Crew Socks,1376
Running Gilet,1377
Running Hydration Belt,1378
Running No-Show Socks (2 Pairs),1379
Running Shoes,1380
Running Sleeves,1381
Running Tank,1382
Running T-Shirt,1383
Running Watch,1384
Running Wrap,1385
Sandals,1386
Satin Bomber Jacket,1387
Scarf,1388
Seasonal Skate Shorts,1389
Seasonal Tennis Hat,1390
Shoe,1391
Shoe Box Bag (12L),1392
Shoes,1393
Shorts,1394
Short-Sleeve French Terry Crew,1395
Short-Sleeve Top,1396
Short-Sleeve Trail Running Top,1397
Skate Anorak,1398
Skate Baseball Jersey,1399
Skate Board Shorts,1400
Skate Cargo Shorts,1401
Skate Cargo Trousers,1402
Skate Chino Shorts,1403
Skate Chino Trousers,1404
Skate Crew,1405
Skate Fisherman Beanie,1406
Skate Hat,1407
Skate Hoodie,1408
Skate Jacket,1409
Skate Shoe,1410
Skate Shoes,1411
Skate Top,1412
Skate Tracksuit Bottoms,1413
Skate Trousers,1414
Skate T-Shirt,1415
Skate Windshirt,1416
Sleeve,1417
Slides,1418
Slim Running Hip Pack,1419
Sling Bag (8L),1420
Small Items Bag (3L),1421
Snapback Hat,1422
Snood,1423
Soft-Ground Football Boot,1424
Speed Rope,1425
Sports Bra,1426
Stash Backpack (17L),1427
Stash Duffel (21L),1428
Stash Shoe Bag (13L),1429
Stash Tote (13L),1430
Striped Skate T-Shirt,1431
Sunday Shorts,1432
Synthetic-Fill Skate Jacket,1433
Tennis Ankle Socks (2 Pairs),1434
Tennis Bucket Hat,1435
Tennis Crew Socks (2 Pairs),1436
Tennis Hat,1437
Tennis Headband,1438
Tennis T-Shirt,1439
Tennis Wristbands,1440
Terry Headband,1441
Terry Wristbands (2-Pack),1442
Toddler Crew and Joggers Set,1443
Toddler Crew and Leggings Set,1444
Toddler Crew and Trousers Set,1445
Toddler Dress,1446
Toddler Full-Zip Jacket,1447
Toddler Gripper Ankle Socks,1448
Toddler High-Waisted Leggings,1449
Toddler Hoodie and Trousers Set,1450
Toddler Leggings,1451
Toddler Puffer Jacket,1452
Toddler Romper,1453
Toddler Shoe,1454
Toddler Shoes,1455
Toddler Shorts,1456
Toddler Sweatshirt and Leggings Set,1457
Toddler Tank Top and Shorts Set,1458
Toddler Top,1459
Toddler Top and Leggings Set,1460
Toddler Tracksuit,1461
Toddler Tracksuit Set,1462
Toddler Trousers,1463
Toddler T-Shirt,1464
Toddler T-Shirt and Leggings Set,1465
Toddler T-Shirt and Shorts Set,1466
Toddler Zip Hoodie and Trousers Set,1467
Tote Bag (26L),1468
Towel (Large),1469
TR Graphic Chug Bottle,1470
Trail Cap,1471
Trail Running Cap,1472
Trail Running Crew Socks,1473
Trail Running T-Shirt,1474
Trail Shorts,1475
Trail T-Shirt,1476
Training Ankle Socks,1477
Training Ankle Socks (3 Pairs),1478
Training Ankle Socks (6 Pairs),1479
Training Backpack (27L),1480
"Training Backpack (Medium, 24L)",1481
Training Bag (24L),1482
Training Crew Socks (2 Pairs),1483
Training Crew Socks (3 Pairs),1484
Training Crew Socks (6 Pairs),1485
"Training Duffel Bag (Extra-Small, 25L)",1486
"Training Duffel Bag (Large, 95L)",1487
"Training Duffel Bag (Medium, 51L)",1488
"Training Duffel Bag (Medium, 60L)",1489
"Training Duffel Bag (Small, 31L)",1490
"Training Duffel Bag (Small, 41L)",1491
Training Gymsack (17L),1492
Training Gymsack (18L),1493
Training Mat 2.0,1494
Training No-Show Socks (3 Pairs),1495
Training No-Show Socks (6 Pairs),1496
Training Shoe,1497
Training Shoe Bag (11L),1498
Training Shoes,1499
Trousers,1500
Trucker Cap,1501
T-Shirt,1502
Turf Football Shoe,1503
Turf Football Shoes,1504
Unisex Crew Socks (3 Pack),1505
Unisex Knit Hat,1506
Unisex No-Show Socks (3 Pair),1507
Unisex Slim Fit Polo,1508
Utility Beanie,1509
Utility Lanyard,1510
Varsity Skate Jacket,1511
Velour Skate Jacket,1512
Velvet and Elastic Hairbands (6-Pack),1513
Waistpack (3L),1514
"Waistpack (Small Items, 4L)",1515
Washed Bucket Hat,1516
Washed Cap,1517
Washed Jersey Hoodie,1518
Water Bottle,1519
Weightlifting Shoe,1520
Winterized Skate Top,1521
"Women's ""Tuff Knit"" Fleece Hoodie",1522
Women's 1/2 Zip Base Layer,1523
Women's 1/2-Zip Running Top,1524
Women's 1/2-Zip Sweatshirt,1525
Women's 1/2-Zip Training Top,1526
Women's 1/4-Zip Basketball Jacket,1527
Women's 1/4-Zip Fleece Football Hoodie,1528
Women's 1/4-Zip Fleece Metallic Sweatshirt,1529
Women's 1/4-Zip Fleece Sweatshirt,1530
Women's 1/4-Zip Fleece Top,1531
Women's 1/4-Zip Fleece Top (Plus Size),1532
Women's 1/4-Zip Football Hoodie,1533
Women's 1/4-Zip Football Jacket,1534
Women's 1/4-Zip Football Top,1535
Women's 1/4-Zip Graphic Fleece,1536
Women's 1/4-Zip Running Midlayer,1537
Women's 1/4-Zip Running Top,1538
Women's 1/4-Zip Top,1539
Women's 13cm (approx.) Golf Shorts,1540
Women's 13cm (approx.) Shorts,1541
Women's 18cm (approx.) (Maternity),1542
Women's 18cm (approx.) High-Rise Training Shorts,1543
Women's 18cm (approx.) Mid-Rise Printed Training Shorts,1544
Women's 18cm (approx.) Mid-Rise Running Shorts,1545
Women's 1-Piece,1546
Women's 2-in-1 Running Shorts,1547
Women's 3/4-Sleeve Crop Polo Sweatshirt,1548
Women's 3/4-Sleeve Tennis Top,1549
Women's 3-in-1 Jacket,1550
Women's 7/8 Fleece Joggers,1551
Women's 7/8 High-Rise Fleece Joggers,1552
Women's 7/8 High-Rise Graphic Leggings,1553
Women's 7/8 High-Rise Leggings,1554
Women's 7/8 High-Waisted Leggings,1555
Women's 7/8 Mid-Rise Leggings,1556
Women's 7/8 Mid-Rise Leggings (Plus Size),1557
Women's 7/8 Mid-Rise Running Leggings with Pockets,1558
Women's 7/8 Printed French Terry Training Trousers,1559
Women's 7/8-Length Fleece Joggers,1560
Women's 7/8-Length High-Waisted Pocket Running Leggings,1561
Women's 7/8-Length Mid-Rise Running Leggings (Plus Size),1562
Women's 8cm (approx.) Camo Shorts,1563
Women's 8cm (approx.) Printed Training Shorts,1564
Women's 8cm (approx.) Running Shorts,1565
Women's 8cm (approx.) Shorts,1566
Women's Adjustable Hat,1567
Women's Air Max Day T-Shirt,1568
Women's All-over Print 1/2-Zip Top,1569
Women's All-over Print Jacket,1570
Women's All-Over Print Shorts,1571
Women's All-Over Print Tank,1572
Women's All-over Print Trousers,1573
Women's Asymmetrical Tank,1574
Women's Baller Shorts,1575
Women's Bandeau Bikini Top,1576
Women's Basketball Crew Sweatshirt,1577
Women's Basketball Hoodie,1578
Women's Basketball Jacket,1579
Women's Basketball Jersey,1580
Women's Basketball Shorts,1581
Women's Basketball Training T-Shirt,1582
Women's Basketball Trousers,1583
Women's Basketball T-Shirt,1584
Women's Beanie,1585
Women's Bike Shorts,1586
Women's Bikini Bottoms,1587
Women's Bodysuit,1588
Women's Bonded Jacket,1589
Women's Boot,1590
Women's Boxy Graphic T-Shirt,1591
Women's Boxy Mock-Neck Top,1592
Women's Boxy Tee,1593
Women's Boxy Training T-Shirt,1594
Women's Boxy T-Shirt,1595
Women's Bra,1596
Women's Cami Tank,1597
Women's Cap,1598
Women's Cargo Trousers,1599
Women's Clay Court Tennis Shoe,1600
Women's Clay Court Tennis Shoes,1601
Women's Clay-Court Tennis Shoe,1602
Women's Club T-Shirt,1603
Women's Convertible Running Tank,1604
Women's Corset Hoodie,1605
Women's Cover-Up,1606
Women's Crew,1607
Women's Crew (Plus size),1608
Women's Crew Sweatshirt,1609
Women's Crew Top,1610
Women's Crew-neck Sweatshirt,1611
Women's Crew-Neck Sweatshirt (Plus Size),1612
Women's Crop Dance Tank,1613
Women's Crop Fleece Sweatshirt,1614
Women's Crop Top,1615
Women's Cropped All-Over Print Top,1616
Women's Cropped Cami Tank,1617
Women's Cropped Crew Sweatshirt,1618
Women's Cropped Dance T-Shirt,1619
Women's Cropped Fleece Hoodie,1620
Women's Cropped Football Tank,1621
Women's Cropped Graphic Tank,1622
Women's Cropped Graphic Training Top,1623
Women's Cropped Logo T-Shirt,1624
Women's Cropped Novelty Fleece Crew Sweatshirt,1625
Women's Cropped Running Tank,1626
Women's Cropped Sweatshirt,1627
Women's Cropped Tank,1628
Women's Cropped Tennis Top,1629
Women's Cropped Top,1630
Women's Cropped Training Hoodie,1631
Women's Cropped Training Top,1632
Women's Cropped T-Shirt,1633
Women's Cross-Body Bag (1L),1634
Women's Crossover Basketball Shorts,1635
Women's Crossover One-Piece,1636
Women's Crossover Shorts,1637
Women's Curve Woven Trousers,1638
Women's Cut-Off Crew Neck Top,1639
Women's Dance Cargo Trousers,1640
Women's Dance Tank,1641
Women's Dance T-Shirt,1642
Women's Diamond Shorts,1643
Women's Down Hooded Jacket,1644
Women's Down Parka,1645
Women's Down-Fill Jacket,1646
Women's Downfill Running Gilet,1647
Women's Dress,1648
Women's Drill Top,1649
Women's Earth Day T-Shirt,1650
Women's Easy Fleece Hoodie,1651
Women's Easy Fleece Joggers,1652
Women's Easy Fleece Joggers (Plus Size),1653
Women's Easy Joggers,1654
Women's Easy On/Off Road Running Shoes,1655
Women's Easy Plush 1/4-Zip Top,1656
Women's Engineered Full-Zip Jacket,1657
Women's Engineered Long-Sleeve Top,1658
Women's Engineered Running Tank,1659
Women's Engineered Short-Sleeve Running Top,1660
Women's Engineered Tank,1661
Women's Essential Jersey,1662
Women's Faux Fur Jacket,1663
Women's Faux Fur Jacket (Plus Size),1664
Women's Fisherman Trousers,1665
Women's Flared Fleece Trousers,1666
Women's Fleece All-over Printed Hoodie,1667
Women's Fleece All-over Printed Trousers,1668
Women's Fleece Cargo Trousers,1669
Women's Fleece Crew,1670
Women's Fleece Crew (Plus size),1671
Women's Fleece Crew Sweatshirt,1672
Women's Fleece Crew Sweatshirt (Plus Size),1673
Women's Fleece Crop Top,1674
Women's Fleece Curve Trousers,1675
Women's Fleece Dress,1676
Women's Fleece Flared Joggers,1677
Women's Fleece Full-Zip Football Hoodie,1678
Women's Fleece Full-Zip Hoodie,1679
Women's Fleece Full-Zip Hoodie (Plus Size),1680
Women's Fleece Gilet,1681
Women's Fleece Graphic Hoodie (Plus Size),1682
Women's Fleece Graphic Joggers,1683
Women's Fleece High-Rise Shorts,1684
Women's Fleece Hoodie,1685
Women's Fleece Hoodie Dress,1686
Women's Fleece Jacket (Plus Size),1687
Women's Fleece Joggers,1688
Women's Fleece Long-Sleeve Dress,1689
Women's Fleece Metallic Sweatshirt,1690
Women's Fleece Metallic Trousers,1691
Women's Fleece Printed Trousers,1692
Women's Fleece Pullover Football Hoodie,1693
Women's Fleece Pullover Hoodie,1694
Women's Fleece Running Gloves,1695
Women's Fleece Shorts,1696
Women's Fleece Shorts (Plus Size),1697
Women's Fleece Sweatshirt,1698
Women's Fleece Tennis Hoodie,1699
Women's Fleece Tennis Trousers,1700
Women's Fleece Tie-Dye Trousers,1701
Women's Fleece Tie-Dye Trousers (Plus Size),1702
Women's Fleece Top,1703
Women's Fleece Travel Football Pants,1704
Women's Fleece Trousers,1705
Women's Fleece Trousers (Plus size),1706
Women's Flight Jacket,1707
Women's Flight Suit,1708
Women's Flouncy Tennis Skirt,1709
Women's Football Drill Top,1710
Women's Football Jacket,1711
Women's Football Pants,1712
Women's Football Shirt,1713
Women's Football Shirt Dress,1714
Women's Football Shorts,1715
Women's Football Top,1716
Women's Football Track Shorts,1717
Women's Football Tracksuit Jacket,1718
Women's Football T-Shirt,1719
Women's French Terry Crew Sweatshirt (Plus Size),1720
Women's French Terry Hoodie (Plus Size),1721
Women's French Terry Shorts,1722
Women's French Terry Trousers,1723
Women's Full Coverage Swim Tunic,1724
Women's Full-Coverage Swim Tunic,1725
Women's Full-Zip Fleece Hoodie,1726
Women's Full-Zip Football Jacket,1727
Women's Full-Zip Golf Top,1728
Women's Full-Zip Graphic Training Hoodie,1729
Women's Full-Zip Hoodie,1730
Women's Full-Zip Hoodie (Plus Size),1731
Women's Full-Zip Jacket,1732
Women's Full-Zip Satin Jacket,1733
Women's Full-Zip Satin Jacket (Plus Size),1734
Women's Full-Zip Tennis Jacket,1735
Women's Futura 365 Cross-Body Bag (3L),1736
Women's Gilet,1737
Women's Gingham Golf Joggers,1738
Women's Gold Chain T-Shirt,1739
Women's Golf Gilet,1740
Women's Golf Glove (Left Hand),1741
Women's Golf Jacket,1742
Women's Golf Polo,1743
Women's Golf Shoe,1744
Women's Golf Skort,1745
Women's Golf Top,1746
Women's Golf Trousers,1747
Women's Graphic 1/2-Zip Pullover Top,1748
Women's Graphic Crew Sweatshirt,1749
Women's Graphic Crew-Neck Sweatshirt,1750
Women's Graphic Crop Tank,1751
Women's Graphic Hoodie,1752
Women's Graphic Long-Sleeve Dress,1753
Women's Graphic Long-Sleeved Dress,1754
Women's Graphic Mid-Rise Leggings,1755
Women's Graphic Skinny Head Tie,1756
Women's Graphic Training Tank,1757
Women's Graphic Training Trousers,1758
Women's Graphic T-Shirt,1759
Women's Hard Court Tennis Shoe,1760
Women's Hard Court Tennis Shoes,1761
Women's Hat,1762
Women's High-Neck Tank,1763
Women's High-Neck Training Tank,1764
Women's High-Neck Yoga Tank,1765
Women's High-Rise 18cm (approx.) Shorts,1766
Women's High-Rise Bike Shorts,1767
Women's High-Rise Curve Trousers,1768
Women's High-Rise Fleece Dance Shorts,1769
Women's High-Rise Fleece Shorts,1770
Women's High-Rise Fleece Shorts (Plus Size),1771
Women's High-Rise Joggers (Plus Size),1772
Women's High-Rise Leggings,1773
Women's High-Rise Printed Training Leggings,1774
Women's High-Rise Trousers,1775
Women's High-Rise Woven Shorts,1776
Women's High-Rise Woven Trousers,1777
Women's High-Support Non-Padded Adjustable Sports Bra,1778
Women's High-Support Non-Padded Mesh-Back Sports Bra,1779
Women's High-Support Non-Padded Sports Bra,1780
Women's High-Support Padded Adjustable Sports Bra,1781
Women's High-Support Padded Zip-Front Sports Bra,1782
Women's High-Support Sports Bra,1783
Women's High-Waisted 18cm (approx.) Shorts,1784
Women's High-Waisted 18cm (approx.) Shorts (Plus Size),1785
Women's High-Waisted 7/8 All-over Print Leggings,1786
Women's High-Waisted 7/8 Colour-Block Leggings,1787
Women's High-Waisted 7/8 Gradient-Dye Leggings,1788
Women's High-Waisted 7/8 Infinalon Leggings,1789
Women's High-Waisted 7/8 Leggings,1790
Women's High-Waisted 7/8 Leggings (Plus Size),1791
Women's High-Waisted 7/8 Matte Shine Leggings,1792
Women's High-Waisted 7/8 Mesh Panel Leggings,1793
Women's High-Waisted 7/8 Metallic Trim Leggings,1794
Women's High-Waisted All-over Print Leggings,1795
Women's High-Waisted Bike Shorts (Plus Size),1796
Women's High-Waisted Cheeky Bottoms,1797
Women's High-Waisted Curve Tracksuit Bottoms,1798
Women's High-Waisted Curve Woven Trousers,1799
Women's High-Waisted Dance Leggings,1800
Women's High-Waisted Fleece Open-Hem Trousers,1801
Women's High-Waisted Graphic Leggings,1802
Women's High-Waisted Graphic Leggings (Plus Size),1803
Women's High-Waisted Jersey Cloud-Dye Shorts,1804
Women's High-Waisted Joggers,1805
Women's High-Waisted Leggings,1806
Women's High-Waisted Leggings (Maternity),1807
Women's High-Waisted Leggings (Plus size),1808
Women's High-Waisted Leopard Print Leggings (Maternity),1809
Women's High-Waisted Logo Leggings,1810
Women's High-Waisted Loose-Fit Shorts,1811
Women's High-Waisted Oversized Tracksuit Bottoms,1812
Women's High-Waisted Oversized Tracksuit Bottoms (Plus Size),1813
Women's High-Waisted Pocket Leggings,1814
Women's High-Waisted Printed Leggings,1815
Women's High-Waisted Ribbed Leggings (Plus Size),1816
Women's High-Waisted Shorts,1817
Women's High-Waisted Swimming Bottoms,1818
Women's High-Waisted Wide-Leg Tracksuit Bottoms,1819
Women's High-Waisted Woven Skirt,1820
Women's High-Waisted Woven Trousers,1821
Women's HIIT Class Shoes,1822
Women's Hooded Gilet,1823
Women's Hooded Jacket,1824
Women's Hooded Parka,1825
Women's Hooded Running Jacket,1826
Women's Hoodie,1827
Women's Hoodie (Plus Size),1828
Women's Indoor Cycling Shoes,1829
Women's Infinalon Crop Top,1830
Women's Insulated Shirt Jacket,1831
Women's Jacket,1832
Women's Jacket (Plus size),1833
Women's Jersey Cloud-Dye Crew-Neck Top (Plus Size),1834
Women's Jersey Jumpsuit,1835
Women's Jersey Oversized Full-Zip Hoodie,1836
Women's Jersey Shorts,1837
Women's Jersey Tank,1838
Women's Jersey Tank Dress,1839
Women's Jersey Tank Dress (Plus Size),1840
Women's Jersey Tank Top,1841
Women's Joggers,1842
Women's Joggers (Plus size),1843
Women's Jordan Dri-FIT Football Drill Top,1844
Women's Jordan Dri-FIT Football Pants,1845
Women's Jordan Dri-FIT Knit Football Shorts,1846
Women's Jordan Dri-FIT Short-Sleeve Football Top,1847
Women's Jumper,1848
Women's Jumpsuit,1849
Women's Knit Football Pants,1850
Women's Knit Football Shorts,1851
Women's Knit Football Tracksuit,1852
Women's Knit Football Tracksuit Jacket,1853
Women's Knit Hoodie,1854
Women's Knit Tennis Trousers,1855
Women's Knit Top,1856
Women's Layering Gilet,1857
Women's Leggings,1858
Women's Leggings (Plus Size),1859
Women's Light-Support 2-Piece Pad High-Neck Sports Bra,1860
Women's Light-Support Non-Padded Graphic Sports Bra,1861
Women's Light-Support Non-Padded Printed Sports Bra,1862
Women's Light-Support Non-Padded Sports Bra,1863
Women's Light-Support Padded Glitter Sports Bra,1864
Women's Light-Support Padded Graphic Sports Bra (Plus Size),1865
Women's Light-Support Padded Logo Sports Bra,1866
Women's Light-Support Padded Longline Sports Bra,1867
Women's Light-Support Padded Sports Bra,1868
Women's Light-Support Padded Strappy Sports Bra,1869
Women's Light-Support Padded V-Neck Sports Bra,1870
Women's Light-Support Seamless Non-Padded Sports Bra,1871
Women's Lightweight Jacket,1872
Women's Lightweight Running Jacket,1873
Women's Logo Crew-Neck Sweatshirt,1874
Women's Long Golf Skirt,1875
Women's Long Jacket,1876
Women's Long-Sleeve 1/2-Zip Tennis Top,1877
Women's Long-Sleeve 1/2-Zip Top,1878
Women's Long-Sleeve Boxy T-Shirt,1879
Women's Long-Sleeve Crop Top,1880
Women's Long-Sleeve Cropped Football T-Shirt,1881
Women's Long-Sleeve Cropped T-Shirt,1882
Women's Long-Sleeve Dance Dress,1883
Women's Long-Sleeve Dress,1884
Women's Long-Sleeve Football T-Shirt,1885
Women's Long-Sleeve Golf Top,1886
Women's Long-Sleeve Mesh Tennis Top,1887
Women's Long-Sleeve Mock Neck T-Shirt,1888
Women's Long-Sleeve Mock Top,1889
Women's Long-Sleeve Ribbed Top,1890
Women's Long-Sleeve Running Top,1891
Women's Long-Sleeve Tennis Top,1892
Women's Long-Sleeve Top,1893
Women's Long-Sleeve T-Shirt,1894
Women's Loose Fleece Dance Trousers,1895
Women's M65 Jacket,1896
Women's Medium-Support 1-Piece Pad Shine Sports Bra,1897
Women's Medium-Support 1-Piece Pad Sports Bra,1898
Women's Medium-Support 1-Piece Padded Longline Sports Bra,1899
Women's Medium-Support Graphic Sports Bra,1900
Women's Medium-Support Lightly Lined Gradient-Dye Sports Bra,1901
Women's Medium-Support Lightly Lined Layered Sports Bra,1902
Women's Medium-Support Lightly Lined Sports Bra,1903
Women's Medium-Support Non-Padded All-over Print Sports Bra,1904
Women's Medium-Support Non-Padded Futura Graphic Sports Bra (Plus Size),1905
Women's Medium-Support Non-Padded Graphic Sports Bra,1906
Women's Medium-Support Non-Padded Leopard Print Sports Bra,1907
Women's Medium-Support Non-Padded Metallic Graphic Sports Bra,1908
Women's Medium-Support Non-Padded Printed Sports Bra,1909
Women's Medium-Support Non-Padded Sports Bra,1910
Women's Medium-Support Non-Padded Velour Sports Bra,1911
Women's Medium-Support Padded Longline Sports Bra,1912
Women's Medium-Support Padded Sports Bra,1913
Women's Medium-Support Padded Sports Bra (Maternity),1914
Women's Medium-Support Padded Zip-Front Sports Bra,1915
Women's Mesh Tank,1916
Women's Metallic T-Shirt,1917
Women's Mid-Rise 18cm (approx.) Bike Shorts,1918
Women's Mid-Rise 7/8 Graphic Leggings,1919
Women's Mid-Rise 7/8 Mesh-Panelled Leggings,1920
Women's Mid-Rise 7/8 Pocket Running Leggings,1921
Women's Mid-Rise 7/8 Printed Leggings,1922
Women's Mid-Rise 7/8 Printed Running Leggings,1923
Women's Mid-Rise 7/8 Ribbed-Panel Training Leggings,1924
Women's Mid-Rise 7/8 Running Leggings,1925
Women's Mid-Rise 7/8-Length Printed Running Leggings,1926
Women's Mid-Rise 7/8-Length Running Leggings,1927
Women's Mid-Rise 8cm (approx.) Graphic Shorts,1928
Women's Mid-Rise All-Over Print Shorts,1929
Women's Mid-Rise Bike Shorts,1930
Women's Mid-Rise Brief-Lined Running Shorts,1931
Women's Mid-Rise Camo Leggings,1932
Women's Mid-Rise Capri Leggings,1933
Women's Mid-Rise Cloud-Dye Joggers,1934
Women's Mid-Rise Cloud-Dye Joggers (Plus Size),1935
Women's Mid-Rise Colour-Block Leggings,1936
Women's Mid-Rise Crop Leggings,1937
Women's Mid-Rise Crop Leggings (Plus Size),1938
Women's Mid-Rise Crop Pocket Running Leggings,1939
Women's Mid-Rise Crop Pocket Running Leggings (Plus Size),1940
Women's Mid-Rise Crop Running Leggings,1941
Women's Mid-Rise Dance Leggings,1942
Women's Mid-Rise Engineered Running Leggings,1943
Women's Mid-Rise Fleece Joggers (Plus Size),1944
Women's Mid-Rise Fleece Trousers,1945
Women's Mid-Rise Graphic Leggings,1946
Women's Mid-Rise Joggers,1947
Women's Mid-Rise Joggers (Plus Size),1948
Women's Mid-Rise Leggings,1949
Women's Mid-Rise Leggings (Plus Size),1950
Women's Mid-Rise Mesh Running Trousers,1951
Women's Mid-Rise Mesh Training Leggings,1952
Women's Mid-Rise Mesh-Panelled Leggings,1953
Women's Mid-Rise Mesh-Panelled Training Leggings,1954
Women's Mid-Rise Oversized Cargo Tracksuit Bottoms (Plus Size),1955
Women's Mid-Rise Oversized Tracksuit Bottoms,1956
Women's Mid-Rise Oversized Tracksuit Bottoms (Plus Size),1957
Women's Mid-Rise Pants,1958
Women's Mid-Rise Pocket Leggings,1959
Women's Mid-Rise Pocket Running Leggings,1960
Women's Mid-Rise Pocket Trail Running Leggings,1961
Women's Mid-Rise Pocket Training Leggings,1962
Women's Mid-Rise Printed Leggings,1963
Women's Mid-Rise Printed Running Shorts,1964
Women's Mid-Rise Printed Training Leggings,1965
Women's Mid-Rise Printed Training Leggings (Plus Size),1966
Women's Mid-Rise Running Leggings,1967
Women's Mid-Rise Running Leggings (Plus Size),1968
Women's Mid-Rise Running Shorts,1969
Women's Mid-Rise Shine Leggings,1970
Women's Mid-Rise Shorts,1971
Women's Mid-Rise Swoosh Leggings,1972
Women's Mid-Rise Training Bike Shorts,1973
Women's Mid-Rise Trousers,1974
Women's Mid-Rise Woven Trousers,1975
Women's Midweight Jacket,1976
Women's Mini Backpack (10L),1977
Women's Mini Backpack (6L),1978
Women's Mock Fleece,1979
Women's Mock Long-Sleeve Top,1980
Women's Mock Neck Long-Sleeve Top,1981
Women's Mock-Neck Golf Top,1982
Women's Muscle Tank,1983
Women's Nike 1/2-Zip Football Hoodie,1984
Women's Nike Dri-FIT 1/2-Zip Travel Football Hoodie,1985
Women's Nike Dri-FIT ADV Football Drill Top,1986
Women's Nike Dri-FIT ADV Football Pants,1987
Women's Nike Dri-FIT ADV Football Shirt,1988
Women's Nike Dri-FIT ADV Knit Football Pants,1989
Women's Nike Dri-FIT Fleece Football Pants,1990
Women's Nike Dri-FIT Football Drill Top,1991
Women's Nike Dri-FIT Football Jacket,1992
Women's Nike Dri-FIT Football Pants,1993
Women's Nike Dri-FIT Football Shirt,1994
Women's Nike Dri-FIT Football Shorts,1995
Women's Nike Dri-FIT Knit Football Drill Top,1996
Women's Nike Dri-FIT Knit Football Shorts,1997
Women's Nike Dri-FIT Knit Football Tracksuit,1998
Women's Nike Dri-FIT NBA Shorts,1999
Women's Nike Dri-FIT Pre-Match Football Top,2000
Women's Nike Dri-FIT Pullover Hoodie,2001
Women's Nike Dri-FIT Short-Sleeve Football Top,2002
Women's Nike Dri-FIT Travel Football Pants,2003
Women's Nike Fleece Hoodie,2004
Women's Nike Football Drill Top,2005
Women's Nike Football Pants,2006
Women's Nike Full-Zip Football Jacket,2007
Women's Nike M65 Woven Jacket,2008
Women's Nike NBA Cropped T-Shirt,2009
Women's Nike NBA Fleece Pullover Hoodie,2010
Women's Nike NBA Fleece Trousers,2011
Women's Nike NBA Full-Zip Fleece Hoodie,2012
Women's Nike NBA Jacket,2013
Women's Nike NBA Short-Sleeve T-Shirt,2014
Women's Nike NBA Tracksuit,2015
Women's Nike NBA Tracksuit Bottoms,2016
Women's Nike NBA T-Shirt,2017
Women's Nike Pre-Match Football Top,2018
Women's Nike Short-Sleeve Football Top,2019
Women's Non-Padded Sports Bra,2020
Women's Over-Oversized Crew-Neck Sweatshirt,2021
Women's Over-Oversized Crop Pullover Hoodie,2022
Women's Over-Oversized Mock-Neck 3/4-Sleeve Sweatshirt,2023
Women's Over-Oversized Pullover Hoodie,2024
Women's Oversized 1/2-Zip Crop Sweatshirt,2025
Women's Oversized 3/4-Sleeve Dress,2026
Women's Oversized Crew-Neck Sweatshirt,2027
Women's Oversized Crop Graphic Hoodie,2028
Women's Oversized Fleece Crew,2029
Women's Oversized Fleece Crew (Plus Size),2030
Women's Oversized Fleece Crew Sweatshirt,2031
Women's Oversized Fleece Graphic Hoodie,2032
Women's Oversized Fleece Hoodie,2033
Women's Oversized Fleece Hoodie (Plus Size),2034
Women's Oversized Fleece Pullover Hoodie,2035
Women's Oversized Fleece Sweatshirt,2036
Women's Oversized Fleece Tie-Dye Crew Sweatshirt,2037
Women's Oversized French Terry Hoodie,2038
Women's Oversized Full-Zip Fleece Hoodie,2039
Women's Oversized Full-Zip Hoodie,2040
Women's Oversized Graphic T-Shirt,2041
Women's Oversized Jacket,2042
Women's Oversized Jersey Pullover Hoodie,2043
Women's Oversized Poncho,2044
Women's Oversized Printed T-Shirt,2045
Women's Oversized Pullover Hoodie,2046
Women's Oversized Short-Sleeve Top,2047
Women's Oversized Sweatshirt,2048
Women's Oversized Trousers,2049
Women's Oversized Trousers (Plus Size),2050
Women's Packable Insulated Jacket,2051
Women's Packable Oversized Jacket,2052
Women's Packable Running Jacket,2053
Women's Parka,2054
Women's Pique Bandeau Top,2055
Women's Pique Polo,2056
Women's Pique Polo (Plus Size),2057
Women's Pique Skirt,2058
Women's Pique Skirt (Plus Size),2059
Women's Pleated Golf Shorts,2060
Women's Pleated Tennis Skirt,2061
Women's Plush High-Rise Joggers,2062
Women's Plush High-Rise Joggers (Plus Size),2063
Women's Plush Hoodie,2064
Women's Plush Hoodie (Plus Size),2065
Women's Pocket Running Leggings,2066
Women's Polo,2067
Women's Pre-Match Short-Sleeve Football Top,2068
Women's Print Slides,2069
Women's Printed Bodysuit,2070
Women's Printed Crop Tank,2071
Women's Printed Dance Shorts,2072
Women's Printed Golf Polo,2073
Women's Printed Polo,2074
Women's Printed Pullover Hoodie,2075
Women's Printed Shorts,2076
Women's Printed Short-Sleeve Golf Polo,2077
Women's Printed Tennis Skirt,2078
Women's Printed Tennis Tank,2079
Women's Printed Tennis Top,2080
Women's Printed Training Gloves,2081
Women's Printed Training Leggings,2082
Women's Printed Trousers,2083
Women's Puffer Jacket,2084
Women's Pullover (Maternity),2085
Women's Pullover Basketball Hoodie,2086
Women's Pullover Hoodie,2087
Women's Pullover Hoodie (Plus size),2088
Women's Quilted Jacket,2089
Women's Quilted Woven High-Rise Trousers,2090
Women's Quilted Woven Jacket,2091
Women's Racing Vest,2092
Women's Reflective Running Jacket,2093
Women's Reflective-Design-Print Running Leggings,2094
Women's Regular Golf Skirt,2095
Women's Regular Golf Skirt (Plus Size),2096
Women's Regular Tennis Skirt,2097
Women's Regular Tennis Skirt (Plus Size),2098
Women's Reversible Short-Sleeve Football Top,2099
Women's Ribbed Crop Top,2100
Women's Ribbed Dress,2101
Women's Ribbed Jersey Long-Sleeve Top,2102
Women's Ribbed Jersey Wide-Leg Trousers,2103
Women's Ribbed Long-Sleeve Full-Zip Top (Plus Size),2104
Women's Ribbed Shorts,2105
Women's Ribbed Tank,2106
Women's Road Racing Shoes,2107
Women's Road Running Shoes,2108
Women's Running Crew,2109
Women's Running Crop Top,2110
Women's Running Gloves,2111
Women's Running Jacket,2112
Women's Running Jacket (Plus size),2113
Women's Running Leg Sleeves,2114
Women's Running Leggings,2115
Women's Running Midlayer,2116
Women's Running Shorts,2117
Women's Running Singlet,2118
Women's Running Tank,2119
Women's Running Tank (Plus size),2120
Women's Running Top,2121
Women's Running Trousers,2122
Women's Sandals,2123
Women's Scoop Neck Bikini Top,2124
Women's Shell,2125
Women's Shirt Jacket,2126
Women's Shoe,2127
Women's Shoes,2128
Women's Short Tennis Skirt,2129
Women's Shorts,2130
Women's Shorts (Plus Size),2131
Women's Short-Sleeve Crop Top,2132
Women's Short-Sleeve Football Shirt,2133
Women's Short-Sleeve Football Top,2134
Women's Short-Sleeve Graphic Dress,2135
Women's Short-Sleeve Midi Dress,2136
Women's Short-Sleeve Running Top,2137
Women's Short-Sleeve Running Top (Plus Size),2138
Women's Short-Sleeve Tennis Top,2139
Women's Short-Sleeve Tennis Top (Plus Size),2140
Women's Short-Sleeve Top,2141
Women's Short-Sleeve Top (Plus size),2142
Women's Short-Sleeve Training Top (Plus size),2143
Women's Short-Sleeve T-Shirt,2144
Women's Shower Slide,2145
Women's Skirt,2146
Women's Sleeveless Golf Polo,2147
Women's Sleeveless Jacket,2148
Women's Sleeveless Mock Top,2149
Women's Sleeveless Tank,2150
Women's Slides,2151
Women's Slim Cropped T-Shirt,2152
Women's Slim Fit Golf Trousers,2153
Women's Slim Fit Printed Top,2154
Women's Slim Fit Tank,2155
Women's Slim Full-Coverage Swimming Leggings,2156
Women's Slim Swim Leggings,2157
Women's Slim-Fit Long-Sleeve Training Top,2158
Women's Slim-Fit Printed Tank,2159
Women's Slim-Fit Short-Sleeve Top,2160
Women's Slim-Fit Tank,2161
Women's Slipper,2162
Women's Spiderback 1-Piece Swimsuit,2163
Women's Spiderback One-Piece,2164
Women's Sports Utility 1/2-Zip Jacket,2165
Women's Sports Utility Fleece Cargo Trousers,2166
Women's Sports Utility Fleece Hoodie,2167
Women's Sports Utility High-Waisted Bike Shorts,2168
Women's Sports Utility Sleeveless Top,2169
Women's Sports Utility Woven Cargo Trousers,2170
Women's Standard Fit Long-Sleeve Top,2171
Women's Standard Fit Short-Sleeve Graphic Cropped Top,2172
Women's Standard Fit Tank,2173
Women's Standard-Fit Short-Sleeve Top,2174
Women's Straight-Leg Full-Coverage Swimming Leggings,2175
Women's Suit Trousers,2176
Women's Sweatshirt,2177
Women's Swim Hijab,2178
Women's Synthetic Fill Jacket,2179
Women's Synthetic Fill Running Jacket,2180
Women's Synthetic-Fill Hooded Jacket,2181
Women's Synthetic-Fill Hooded Parka,2182
Women's Synthetic-Fill Parka,2183
Women's Synthetic-Fill Running Gilet,2184
Women's Tank,2185
Women's Tank (Maternity),2186
Women's Tank Top,2187
Women's Tennis Dress,2188
Women's Tennis Dress (Plus Size),2189
Women's Tennis Headband,2190
Women's Tennis Polo Shirt,2191
Women's Tennis Shoes,2192
Women's Tennis Shorts,2193
Women's Tennis Skirt,2194
Women's Tennis Skirt (Plus Size),2195
Women's Tennis Tank,2196
Women's Tennis Tank (Plus Size),2197
Women's Tennis Top,2198
Women's Thai Joggers,2199
Women's Tight Running Shorts,2200
Women's Toeless Footie Socks,2201
Women's Top,2202
Women's Tote (10L),2203
Women's Trail Running Jacket,2204
Women's Trail Running Midlayer,2205
Women's Trail Running Shoes,2206
Women's Trail Running Tank,2207
Women's Trail Running Tight Shorts,2208
Women's Trail Trousers,2209
Women's Trail-Running Shoes,2210
Women's Training Backpack (16L),2211
Women's Training Crew,2212
Women's Training Duffel Bag (24L),2213
Women's Training Footie Socks (3 Pairs),2214
Women's Training Gloves,2215
Women's Training No-Show Socks (3 Pairs),2216
Women's Training Shoe,2217
Women's Training Shoes,2218
Women's Training Shorts,2219
Women's Training Tank,2220
Women's Training Tank (Plus size),2221
Women's Training Tote Bag (18L),2222
Women's Training Trousers,2223
Women's Training T-Shirt,2224
Women's Travel Football Pants,2225
Women's Trench Coat,2226
Women's Trousers,2227
Women's Trousers (Plus Size),2228
Women's T-Shirt,2229
Women's T-Shirt (Maternity),2230
Women's T-Shirt (Plus Size),2231
Women's T-Shirt Dress,2232
Women's Turtleneck,2233
Women's Twist Standard-Fit Short-Sleeve Top,2234
Women's Utility Shorts,2235
Women's Utility Trousers,2236
Women's Velour Cropped Pullover Hoodie,2237
Women's Velour Cropped Pullover Hoodie (Plus Size),2238
Women's Velour Jacket,2239
Women's Velour Long-Sleeve Crew-Neck Dress,2240
Women's Velour Mid-Rise Shorts,2241
Women's Velour Mid-Rise Trousers,2242
Women's Velour Mid-Rise Trousers (Plus Size),2243
Women's Velour Wide-Leg Trousers,2244
Women's Washed Fleece Shorts,2245
Women's Washed Fleece Trousers,2246
Women's Washed Fleece Trousers (Plus Size),2247
Women's Washed Jersey Dress,2248
Women's Washed Jersey Hoodie (Plus Size),2249
Women's Washed Jersey Shorts,2250
Women's Washed Jersey Shorts (Plus Size),2251
Women's Washed Jersey Top,2252
Women's Washed Jersey Top (Plus Size),2253
Women's Waterproof Trail Running Shoes,2254
Women's Wide Twist Headband,2255
Women's Worker's Trousers,2256
Women's Woven Air Max Day Jacket,2257
Women's Woven Boxy Top (Plus Size),2258
Women's Woven Cami Dress,2259
Women's Woven Dance Jacket,2260
Women's Woven Dress,2261
Women's Woven Football Jacket,2262
Women's Woven Football Pants,2263
Women's Woven Football Trousers,2264
Women's Woven High-Rise Shorts,2265
Women's Woven High-Waisted Shorts,2266
Women's Woven Jacket,2267
Women's Woven Joggers,2268
Women's Woven Long-Sleeve Top,2269
Women's Woven Mid-Rise Air Max Day Trousers,2270
Women's Woven Parka Jacket (Plus Size),2271
Women's Woven Running Jacket,2272
Women's Woven Shorts,2273
Women's Woven Tennis Trousers,2274
Women's Woven Trousers,2275
Women's Woven Wide-Leg Trousers,2276
Woven Jacket,2277
Woven Shorts,2278
Woven Skate Long-Sleeve Button Down,2279
Wristbands,2280
Wristbands (2-Pack),2281
Yoga Block,2282
Yoga Mat,2283
Yoga Mat (4mm),2284
Yoga Mat (Long),2285
Younger and Older Kids' Sandal,2286
Younger and Older Kids' Slide,2287
Younger Kids' Boot,2288
Younger Kids' Boots,2289
Younger Kids' Crew,2290
Younger Kids' Easy On/Off Shoes,2291
Younger Kids' Essentials Fleece Hoodie and Trousers Set,2292
Younger Kids' Football Kit,2293
Younger Kids' Full-Zip Jacket,2294
Younger Kids' Hoodie,2295
Younger Kids' Hoodie and Trousers Set,2296
Younger Kids' JDI T-Shirt,2297
Younger Kids' Knit Football Pants,2298
Younger Kids' Knit Football Tracksuit,2299
Younger Kids' Knit Football Training Kit,2300
Younger Kids' Leggings,2301
Younger Kids' Multi-Ground Football Boot,2302
Younger Kids' Nike Dri-FIT Football Hoodie,2303
Younger Kids' Nike Dri-FIT Football Pants,2304
Younger Kids' Nike Dri-FIT Football Pullover Hoodie,2305
Younger Kids' Nike Dri-FIT Football Tracksuit,2306
Younger Kids' Nike Dri-FIT Knit Football Tracksuit,2307
Younger Kids' Nike Football Kit,2308
Younger Kids' Puffer Jacket,2309
Younger Kids' Pullover Football Hoodie,2310
Younger Kids' Pullover Hoodie,2311
Younger Kids' Rain Boot,2312
Younger Kids' Romper,2313
Younger Kids' Shoe,2314
Younger Kids' Shoes,2315
Younger Kids' Shorts,2316
Younger Kids' Sweatshirt and Leggings Set,2317
Younger Kids' Tank and Shorts Set,2318
Younger Kids' Tank Top,2319
Younger Kids' Throwback Graphic T-Shirt,2320
Younger Kids' Tracksuit,2321
Younger Kids' Tracksuit Set,2322
Younger Kids' Trousers,2323
Younger Kids' T-Shirt,2324
Younger Kids' T-Shirt and Shorts Set,2325
Younger Kids' Turf Football Shoes,2326
Younger/Older Kids' Artificial-Grass Football Boot,2327
Younger/Older Kids' Football Shoes,2328
Younger/Older Kids' Indoor Court Football Shoes,2329
Younger/Older Kids' Multi-Ground Football Boot,2330
Younger/Older Kids' Road Running Shoes,2331
Younger/Older Kids' Slide,2332
Younger/Older Kids' Slides,2333
Younger/Older Kids' Turf Football Shoes,2334