PRODUCT_NAME,id_PRODUCT_NAME
41mm Anthracite/Black,1
41mm Black/Multi-coloured,2
44mm White/Multi-Colour,3
45mm Midnight Navy/Mystic Navy,4
ACG Air Deschutz+,5
Air Force 1 '07,6
Air Jordan,7
Air Jordan 1,8
Air Jordan 1 Acclimate,9
Air Jordan 1 Elevate Low,10
Air Jordan 1 Elevate Low SE,11
Air Jordan 1 Low,12
Air Jordan 1 Low FlyEase,13
Air Jordan 1 Low G,14
Air Jordan 1 Low SE,15
Air Jordan 1 Low SE Craft,16
Air Jordan 1 Mid,17
Air Jordan 1 Mid SE,18
Air Jordan 1 Mid SE Craft,19
Air Jordan 1 Utility Q,20
Air Jordan 1 Zoom Air Comfort,21
Air Jordan 1 Zoom CMFT,22
Air Jordan 11 CMFT Low,23
Air Jordan 5 Retro,24
Air Jordan 6 Retro,25
Air Jordan 7 Retro Q,26
Air Jordan Legacy 312 Low,27
Air Jordan XII Low,28
Air Jordan XXXV Low,29
Air Jordan XXXVI,30
Air Jordan XXXVI 'First Light',31
Air Jordan XXXVI FS,32
Air Jordan XXXVI Low,33
Air Jordan XXXVI Low Luka,34
Air Jordan XXXVI 'Psychic Energy',35
Air Jordan XXXVI SE Kia 'Global Game',36
Air Jordan XXXVI SE Luka 'Global Game',37
Air Max 90 LTR,38
A'ja Wilson Aces Rebel Edition,39
All-Star Edition,40
Anthony Davis Lakers Icon Edition 2020,41
Apple Watch Nike+ Series 3 (GPS + Cellular) 38mm Open Box,42
AtlÃ©tico Madrid,43
AtlÃ©tico Madrid 2021/22 Match Home,44
AtlÃ©tico Madrid 2021/22 Stadium,45
AtlÃ©tico Madrid 2021/22 Stadium Away,46
AtlÃ©tico Madrid 2021/22 Stadium Home,47
AtlÃ©tico Madrid 2021/22 Stadium Home/Away,48
AtlÃ©tico Madrid 2021/22 Stadium Third,49
AtlÃ©tico Madrid 2022/23 Home,50
AtlÃ©tico Madrid 2022/23 Stadium Away,51
AtlÃ©tico Madrid 2022/23 Stadium Home,52
AtlÃ©tico Madrid 2022/23 Stadium Home/Away,53
AtlÃ©tico Madrid Academy Pro,54
AtlÃ©tico Madrid Repel Academy AWF,55
AtlÃ©tico Madrid Stadium,56
AtlÃ©tico Madrid Strike,57
AtlÃ©tico Madrid Travel,58
Atlanta Hawks,59
Atlanta Hawks City Edition,60
Atlético Madrid,61
Atlético Madrid 2021/22 Match,62
Atlético Madrid 2021/22 Match Home,63
Atlético Madrid 2021/22 Stadium Away,64
Atlético Madrid 2021/22 Stadium Home,65
Atlético Madrid 2021/22 Stadium Home/Away,66
Atlético Madrid 2021/22 Stadium Third,67
Atlético Madrid 2022/23 Away,68
Atlético Madrid 2022/23 Home,69
Atlético Madrid 2022/23 Match Home,70
Atlético Madrid 2022/23 Stadium Away,71
Atlético Madrid 2022/23 Stadium Home,72
Atlético Madrid 2022/23 Stadium Home/Away,73
Atlético Madrid Academy Pro,74
Atlético Madrid AWF,75
Atlético Madrid Crest,76
Atlético Madrid Repel Academy AWF,77
Atlético Madrid Stadium,78
Atlético Madrid Strike,79
Atlético Madrid Swoosh,80
Australia 2020 Stadium Home,81
Boston Celtics,82
Boston Celtics City Edition,83
Boston Celtics Courtside,84
Boston Celtics Icon Edition,85
Boston Celtics Icon Edition 2022/23,86
Boston Celtics Showtime,87
Boston Celtics Spotlight,88
Brooklyn Nets,89
Brooklyn Nets Association Edition 2022/23,90
Brooklyn Nets City Edition,91
Brooklyn Nets Courtside,92
Brooklyn Nets Courtside Icon Edition,93
Brooklyn Nets Essential,94
Brooklyn Nets Heritage86,95
Brooklyn Nets Icon Edition,96
Brooklyn Nets Icon Edition 2022/23,97
Brooklyn Nets Legacy91,98
Brooklyn Nets Logo,99
Brooklyn Nets Mantra,100
Brooklyn Nets Showtime,101
Brooklyn Nets Spotlight,102
Brooklyn Nets Standard Issue,103
Bucks Statement Edition 2020,104
Chelsea F.C.,105
Chelsea F.C. 2021/22 Home,106
Chelsea F.C. 2021/22 Stadium Away,107
Chelsea F.C. 2021/22 Stadium Home,108
Chelsea F.C. 2022/23 Home,109
Chelsea F.C. 2022/23 Match Home,110
Chelsea F.C. 2022/23 Match Home/Away,111
Chelsea F.C. 2022/23 Stadium,112
Chelsea F.C. 2022/23 Stadium Goalkeeper,113
Chelsea F.C. 2022/23 Stadium Home,114
Chelsea F.C. 2022/23 Stadium Home/Away,115
Chelsea F.C. Academy Pro,116
Chelsea F.C. AWF,117
Chelsea F.C. Club Fleece,118
Chelsea F.C. Collection Essentials,119
Chelsea F.C. Repel Academy AWF,120
Chelsea F.C. Strike,121
Chelsea F.C. Strike Elite,122
Chelsea F.C. Swoosh,123
Chelsea F.C. Travel,124
Chelsea F.C. Voice,125
Chelsea FC Crest,126
Chicago Bulls,127
Chicago Bulls City Edition,128
Chicago Bulls Courtside,129
Chicago Bulls Courtside Statement Edition,130
Chicago Bulls DNA,131
Chicago Bulls Essential,132
Chicago Bulls Heritage86,133
Chicago Bulls Icon Edition,134
Chicago Bulls Showtime,135
Chicago Bulls Spotlight,136
Chicago Bulls Standard Issue,137
Chicago Bulls Statement Edition,138
China (Road),139
Cleveland Cavaliers Nike Dri-FIT Logo,140
Club AmÃ©rica,141
Club AmÃ©rica 2021/22 Stadium Home,142
Club AmÃ©rica 2022/23 Stadium Home,143
Club AmÃ©rica Strike,144
Club América,145
Club América 2021/22 Stadium Home,146
Club América 2022/23 Stadium Home,147
Club América Strike,148
Croatia,149
Croatia 2020 Stadium Away,150
Croatia 2020 Stadium Home,151
Croatia 2020 Stadium Home/Away,152
Croatia Strike,153
Dallas Mavericks,154
Dallas Mavericks City Edition,155
Dallas Mavericks Icon Edition,156
Dallas Mavericks Icon Edition 2022/23,157
Dallas Mavericks Showtime,158
Dallas Mavericks Statement Edition,159
Denver Nuggets City Edition,160
Devin Booker Suns Icon Edition 2020,161
Eintracht Frankfurt,162
Eintracht Frankfurt 2021/22 Stadium Away,163
Eintracht Frankfurt 2021/22 Stadium Home,164
Eintracht Frankfurt 2022/23 Home,165
Eintracht Frankfurt 2022/23 Stadium Away,166
Eintracht Frankfurt 2022/23 Stadium Home,167
Eintracht Frankfurt 2022/23 Stadium Home/Away,168
England,169
England 2020 Stadium Home,170
England 2022 Home,171
England 2022 Stadium Away,172
England 2022 Stadium Home,173
England 2022 Stadium Home/Away,174
England 2022 Vapor Match Away,175
England 2022 Vapor Match Home,176
England Academy Pro,177
England Prestige,178
England Stadium,179
England Stadium Home,180
England Strike,181
England Strike Elite,182
England Tech Pack,183
Everyday Plus Cushioned,184
F.C. Barcelona,185
F.C. Barcelona 2021/22 Away,186
F.C. Barcelona 2021/22 Home,187
F.C. Barcelona 2021/22 Match Home/Away,188
F.C. Barcelona 2021/22 Stadium Away,189
F.C. Barcelona 2021/22 Stadium Goalkeeper,190
F.C. Barcelona 2021/22 Stadium Home,191
F.C. Barcelona 2021/22 Stadium Home/Away,192
F.C. Barcelona 2021/22 Stadium Third,193
F.C. Barcelona 2022/23 Away,194
F.C. Barcelona 2022/23 Goalkeeper,195
F.C. Barcelona 2022/23 Home,196
F.C. Barcelona 2022/23 Match Away,197
F.C. Barcelona 2022/23 Match Home,198
F.C. Barcelona 2022/23 Match Third,199
F.C. Barcelona 2022/23 Stadium Away,200
F.C. Barcelona 2022/23 Stadium Goalkeeper,201
F.C. Barcelona 2022/23 Stadium Home,202
F.C. Barcelona 2022/23 Stadium Third,203
F.C. Barcelona 2022/23 Third,204
F.C. Barcelona Academy,205
F.C. Barcelona Academy Pro,206
F.C. Barcelona Away,207
F.C. Barcelona AWF,208
F.C. Barcelona Club,209
F.C. Barcelona Club Fleece,210
F.C. Barcelona Essential,211
F.C. Barcelona Futsal Maestro,212
F.C. Barcelona Heritage86,213
F.C. Barcelona Home,214
F.C. Barcelona Repel Academy AWF,215
F.C. Barcelona SNKR Sox,216
F.C. Barcelona Stadium,217
F.C. Barcelona Strike,218
F.C. Barcelona Strike Elite,219
F.C. Barcelona Strike Winter Warrior,220
F.C. Barcelona Swoosh,221
F.C. Barcelona Synthetic-Fill,222
F.C. Barcelona Tech Fleece,223
F.C. Barcelona Tech Fleece Windrunner,224
F.C. Barcelona Travel,225
F.C. Barcelona Windrunner,226
FC Barcelona 2020/21 Match Home,227
FC Barcelona Skills,228
FC Barcelona Tech Fleece Windrunner,229
FFF,230
FFF 2020 Stadium Away,231
FFF 2020 Stadium Home,232
FFF 2020 Stadium Home/Away,233
FFF 2020 Vapor Match Away,234
FFF 2020 Vapor Match Home,235
FFF 2021/22 Stadium Home/Away,236
FFF 2022 Away,237
FFF 2022 Home,238
FFF 2022 Stadium Away,239
FFF 2022 Stadium Home,240
FFF 2022 Stadium Home/Away,241
FFF 2022 Vapor Match Away,242
FFF 2022 Vapor Match Home,243
FFF Academy Pro,244
FFF Away,245
FFF Dri-FIT Academy Pro,246
FFF Heritage86,247
FFF Pitch,248
FFF Prestige,249
FFF Repel Academy AWF,250
FFF Stadium,251
FFF Strike,252
FFF Strike Elite,253
FFF Tech Pack,254
France,255
France Air Jordan,256
France Jordan,257
France Jordan (Road) Limited,258
France Jordan Air,259
France Jordan Dri-FIT,260
France Jordan Dri-FIT Team,261
France Jordan FFBB,262
France Jordan Flight,263
France Jordan Jumpman,264
France Jordan Spotlight,265
France Jordan Therma Flex Showtime,266
France x Jordan,267
Galatasaray,268
Galatasaray 2020/21 Stadium Home,269
Galatasaray 2021/22 Home,270
Galatasaray 2021/22 Match Home,271
Galatasaray 2021/22 Stadium Away,272
Galatasaray 2021/22 Stadium Home/Away,273
Galatasaray 2021/22 Stadium Third,274
Galatasaray 2021/22 Third,275
Galatasaray 2022/23 Away,276
Galatasaray 2022/23 Goalkeeper,277
Galatasaray 2022/23 Home,278
Galatasaray 2022/23 Stadium Away,279
Galatasaray 2022/23 Stadium Home,280
Galatasaray 2022/23 Stadium Home/Away,281
Galatasaray Academy Pro,282
Galatasaray Away,283
Galatasaray Club,284
Galatasaray Goalkeeper,285
Galatasaray Home,286
Galatasaray Repel Academy AWF,287
Galatasaray SK 2022/23 Match Home,288
Galatasaray Strike,289
Giannis,290
Giannis Antetokounmpo Bucks Icon Edition 2020,291
Giannis Antetokounmpo Milwaukee Bucks Nike Icon Edition Swingman,292
Giannis Antetokounmpo Select Series,293
Giannis Immortality,294
Giannis Immortality 2,295
Giannis Nike,296
Giannis Nike Dri-FIT,297
Golden State Warriors,298
Golden State Warriors Association Edition 2022/23,299
Golden State Warriors City Edition,300
Golden State Warriors Icon Edition,301
Golden State Warriors Icon Edition 2022/23,302
Golden State Warriors Showtime,303
Golden State Warriors Standard Issue,304
Greece,305
Greece (Road),306
Greece 2020 Stadium Home,307
Greece Nike (Road) Limited,308
Hawks Icon Edition 2020,309
Hertha BSC 2021/22 Stadium Away,310
Hertha BSC 2021/22 Stadium Home,311
Hertha BSC 2021/22 Stadium Home/Away,312
Hertha BSC 2022/23 Stadium Away,313
Hertha BSC 2022/23 Stadium Home,314
Icon Edition Swingman Jersey (Milwaukee Bucks),315
Icon Edition Swingman Jersey (Philadelphia 76ers),316
Inter Milan,317
Inter Milan 2021/22 Stadium Fourth,318
Inter Milan 2021/22 Stadium Home,319
Inter Milan 2021/22 Stadium Home/Away,320
Inter Milan 2021/22 Stadium Third,321
Inter Milan 2022/23 Match Home,322
Inter Milan 2022/23 Stadium Home,323
Inter Milan Academy Pro,324
Inter Milan Crest,325
Inter Milan Strike,326
Inter Milan Swoosh,327
Inter Milan Travel,328
Jiangsu Suning F.C. 2020/21 Stadium Home,329
Jordan,330
"Jordan ""Air Jordan""",331
Jordan (Her)itage,332
Jordan (Her)itage Quai 54,333
Jordan 1,334
Jordan 1 Low Alt,335
Jordan 1 Mid,336
Jordan 1 Mid SE,337
Jordan 11,338
Jordan 11 CMFT Low,339
Jordan 23 Engineered,340
Jordan 23 Engineered '85,341
Jordan 23 Engineered Classic99,342
Jordan 23 Engineered GORE-TEX,343
Jordan 6 Rings,344
Jordan ADG 4,345
Jordan Air,346
Jordan Air 200E,347
Jordan Air Dri-FIT,348
Jordan Air Wordmark,349
Jordan Artist Series by Jacob Rochester,350
Jordan Artist Series by Mia Lee,351
Jordan Berlin,352
Jordan Brand,353
Jordan Brand Sorry,354
Jordan Break,355
Jordan Brooklyn,356
Jordan Cosy Girl,357
Jordan Delta 2,358
Jordan Delta 2 SE,359
Jordan Delta 3 Low,360
Jordan Delta 3 SP,361
Jordan DNA,362
Jordan Dri-FIT,363
Jordan Dri-FIT Air,364
Jordan Dri-FIT Quai 54,365
Jordan Dri-FIT Sport,366
Jordan Dri-FIT Sport Air,367
Jordan Dri-FIT Sport BC,368
Jordan Dri-FIT Sport Breakfast Club,369
Jordan Dri-FIT Sport Crossover,370
Jordan Dri-FIT x Zion,371
Jordan Dri-FIT Zion,372
Jordan Drip 23,373
Jordan Essential,374
Jordan Essentials,375
Jordan Essentials '85,376
Jordan Essentials Flight 23,377
Jordan Essentials Jumpman,378
Jordan Essentials Mountainside,379
Jordan Essentials Statement,380
Jordan Everyday Max,381
Jordan Flare,382
Jordan Flight,383
Jordan Flight Chicago,384
Jordan Flight Club '91,385
Jordan Flight Essentials,386
Jordan Flight Essentials Classic99,387
Jordan Flight Heritage,388
Jordan Flight Heritage 85,389
Jordan Flight Heritage '85,390
Jordan Flight MVP,391
Jordan Flight MVP 85,392
Jordan Flight MVP Jumpman,393
Jordan Flight Origin 4,394
Jordan Flight Team,395
Jordan France,396
Jordan Game 5,397
Jordan Jumpman,398
Jordan Jumpman 3D,399
Jordan Jumpman 85,400
Jordan Jumpman '85,401
Jordan Jumpman Box,402
Jordan Jumpman Classic99 Metal,403
Jordan Jumpman Heritage86,404
Jordan Jumpman Pro,405
Jordan Legacy 8P,406
Jordan London,407
Jordan MA2,408
Jordan Max Aura 3,409
Jordan Max Aura 3 SE,410
Jordan Max Aura 4,411
Jordan MJ Avatar Play Graphic Tee,412
Jordan Mountainside,413
Jordan New Classics 2.0,414
Jordan New Classics Capsule,415
Jordan New Classics Capsule 2.0,416
Jordan Next Utility Capsule,417
Jordan Paris,418
Jordan Play,419
Jordan Point Lane,420
Jordan Premium 8P,421
Jordan Pro Flight Remix,422
Jordan Pro Jumpman,423
Jordan Quai 54,424
Jordan Series,425
"Jordan Series ""Taco Jay"" PE",426
Jordan Series .05,427
Jordan Series .06,428
Jordan Series ES,429
Jordan Shoebox,430
Jordan Sophia,431
Jordan Sport,432
Jordan Sport DNA,433
Jordan Sport DNA '85,434
Jordan Sport DNA Freeze Out,435
Jordan Sport Dri-FIT,436
Jordan Sport Dri-FIT Quai 54,437
Jordan Sport Essentials,438
Jordan Sport Tunnel,439
Jordan Statement Essentials,440
Jordan Stay Loyal,441
Jordan Super Play,442
Jordan System.23,443
Jordan 'The Shoes',444
Jordan Ultimate Flight 2.0 Quarter,445
Jordan Vintage,446
Jordan Why Not .5?,447
Jordan 'Why Not?',448
Jordan 'Why Not?' Zer0.5,449
Jordan x A Ma ManiÃ©re,450
Jordan x A Ma Maniére,451
Jordan x Aleali May,452
Jordan x CLOT,453
Jordan x Maison ChÃ¢teau Rouge,454
Jordan x Maison Château Rouge,455
Jordan x Nina Chanel Abney,456
Jordan x Union,457
Jordan x Zion,458
Jordan XII G,459
Jordan Zoom Separate,460
Jumpman Trey Two,461
Jumpman Two Trey,462
Jumpman Two Trey PSG,463
Kaizer Chiefs F.C.,464
Kaizer Chiefs F.C. 2021/22 Stadium Away,465
Kaizer Chiefs F.C. 2021/22 Stadium Home,466
Kaizer Chiefs F.C. 2022/23 Stadium Away,467
Kaizer Chiefs F.C. 2022/23 Stadium Home,468
Kaizer Chiefs F.C. Academy Pro,469
Kawhi Leonard Clippers Icon Edition,470
KD,471
KD Nike Dri-FIT,472
KD Trey 5 X,473
KD14,474
KD15,475
Kevin Durant Nets,476
Kevin Durant Nets Icon Edition 2020,477
Korea,478
Korea 2020 Stadium Away,479
Korea 2020 Stadium Home,480
Kyrie,481
Kyrie Flytrap 5,482
Kyrie Infinity,483
Kyrie Infinity By You,484
Kyrie Infinity SE,485
Kyrie Irving Nets,486
Kyrie Low 5,487
Kyrie Low 5 'Jewell Loyd',488
Kyrie Nike Dri-FIT,489
LA Clippers,490
LA Clippers Nike Showtime,491
Lakers Icon Edition 2020,492
Lakers Statement Edition 2020,493
LeBron,494
LeBron 19,495
LeBron 19 Low,496
LeBron James Lakers,497
LeBron James Los Angeles Lakers Icon Edition,498
LeBron James x John Elliott,499
LeBron Nike Dri-FIT,500
LeBron Premium,501
LeBron SFG,502
LeBron Witness 6,503
LeBron x Space Jam: A New Legacy,504
"LeBron x Space Jam: A New Legacy ""Goon Squad""",505
Liverpool F.C.,506
Liverpool F.C. 2021/22 Goalkeeper,507
Liverpool F.C. 2021/22 Home,508
Liverpool F.C. 2021/22 Match Away,509
Liverpool F.C. 2021/22 Match Third,510
Liverpool F.C. 2021/22 Stadium Away,511
Liverpool F.C. 2021/22 Stadium Goalkeeper,512
Liverpool F.C. 2021/22 Stadium Home,513
Liverpool F.C. 2021/22 Stadium Third,514
Liverpool F.C. 2021/22 Third,515
Liverpool F.C. 2022/23 Away,516
Liverpool F.C. 2022/23 Goalkeeper,517
Liverpool F.C. 2022/23 Home,518
Liverpool F.C. 2022/23 Match Away,519
Liverpool F.C. 2022/23 Match Home,520
Liverpool F.C. 2022/23 Stadium Away,521
Liverpool F.C. 2022/23 Stadium Goalkeeper,522
Liverpool F.C. 2022/23 Stadium Home,523
Liverpool F.C. Academy Pro,524
Liverpool F.C. Away,525
Liverpool F.C. Away Club Fleece,526
Liverpool F.C. Away Tech Fleece,527
Liverpool F.C. Away Tech Fleece Windrunner,528
Liverpool F.C. Club Fleece,529
Liverpool F.C. Elite,530
Liverpool F.C. Ignite Away,531
Liverpool F.C. Legend,532
Liverpool F.C. Skills,533
Liverpool F.C. SNKR Sox,534
Liverpool F.C. Stadium,535
Liverpool F.C. Strike,536
Liverpool F.C. Strike Away,537
Liverpool F.C. Strike Elite,538
Liverpool F.C. Strike Elite Away,539
Liverpool F.C. Swoosh,540
Liverpool F.C. Travel Away,541
Los Angeles Clippers Icon Edition,542
Los Angeles Lakers,543
Los Angeles Lakers City Edition,544
Los Angeles Lakers Classic Edition 2020,545
Los Angeles Lakers Courtside,546
Los Angeles Lakers Courtside City Edition,547
Los Angeles Lakers Courtside Max 90,548
Los Angeles Lakers DNA,549
Los Angeles Lakers Essential,550
Los Angeles Lakers Heritage86,551
Los Angeles Lakers Icon Edition,552
Los Angeles Lakers Icon Edition 2022/23,553
Los Angeles Lakers Legacy91,554
Los Angeles Lakers Mantra,555
Los Angeles Lakers Showtime,556
Los Angeles Lakers Spotlight,557
Los Angeles Lakers Standard Issue,558
Los Angeles Lakers Statement Edition,559
Los Angeles Lakers Statement Edition 2020,560
Luka Dončić Mavericks Icon Edition 2020,561
Luka Dončić Mavericks Statement Edition 2020,562
Luka Dončić Select Series,563
Mavericks Icon Edition,564
Mavericks Statement Edition 2020,565
Memphis Grizzlies,566
Memphis Grizzlies City Edition,567
Miami Heat,568
Miami Heat City Edition,569
Miami Heat Courtside,570
Miami Heat Essential,571
Miami Heat Icon Edition,572
Miami Heat Icon Edition 2022/23,573
Miami Heat Showtime,574
Milwaukee Bucks,575
Milwaukee Bucks City Edition,576
Milwaukee Bucks Courtside,577
Milwaukee Bucks Essential,578
Milwaukee Bucks Icon Edition,579
Milwaukee Bucks Icon Edition 2022/23,580
Milwaukee Bucks Logo,581
Milwaukee Bucks Mantra,582
Milwaukee Bucks Showtime,583
Naomi Osaka,584
Naomi Osaka Collection,585
Netherlands,586
Netherlands 2020 Stadium Away,587
Netherlands 2020 Stadium Home,588
Netherlands 2020 Stadium Home/Away,589
Netherlands 2020 Vapor Match Home,590
Netherlands 2022 Stadium Away,591
Netherlands 2022 Stadium Home,592
Netherlands 2022 Stadium Home/Away,593
Netherlands 2022 Vapor Match Away,594
Netherlands 2022 Vapor Match Home,595
Netherlands Academy Pro,596
Netherlands Prestige,597
Netherlands Stadium,598
Netherlands Stadium 2020 Home,599
Netherlands Stadium Home,600
Netherlands Strike,601
Netherlands Supporters,602
New Orleans Pelicans,603
New Orleans Pelicans City Edition,604
New Orleans Pelicans Icon Edition 2022/23,605
New Orleans Pelicans Statement Edition,606
New Orleans Pelicans Statement Edition 2020,607
New York Knicks City Edition,608
New York Knicks Icon Edition,609
NFL Chicago Bears (Khalil Mack),610
NFL Dallas Cowboys (Ezekiel Elliott),611
NFL Green Bay Packers (Aaron Rodgers),612
NFL Kansas City Chiefs (Patrick Mahomes),613
NFL Las Vegas Raiders (Josh Jacobs),614
NFL New York Giants (Saquon Barkley),615
NFL New York Giants Vapor Untouchable (Saquon Barkley),616
NFL Seattle Seahawks (Bobby Wagner),617
NFL Seattle Seahawks (Russell Wilson),618
NFL Tampa Bay Buccaneers (Tom Brady),619
Nigeria,620
Nigeria 2020 Stadium Away,621
Nigeria 2020 Stadium Home,622
Nike,623
Nike (M),624
Nike (NFL Dallas Cowboys),625
Nike (NFL Green Bay Packers),626
Nike (NFL Kansas City Chiefs),627
Nike (NFL Las Vegas Raiders),628
Nike (NFL New England Patriots),629
Nike (NFL Seattle Seahawks),630
Nike (NFL Tampa Bay Buccaneers),631
Nike (NFL),632
Nike 10K,633
Nike 1813ml approx. Fuel,634
Nike 473ml (approx.) TR HyperCharge Straw,635
Nike 710ml (approx.) Flex Stride Double,636
Nike A.I.R. Hola Lou,637
Nike Academy,638
Nike Academy Team,639
Nike Academy Team Hardcase,640
Nike Ace Summerlite,641
Nike ACG,642
"Nike ACG ""Fruit and Veggies""",643
"Nike ACG ""Hike Box""",644
"Nike ACG ""Hike""",645
"Nike ACG ""Kelley Ridge""",646
"Nike ACG ""Smith Summit""",647
Nike ACG Air Deschutz +,648
Nike ACG Air Mada,649
Nike ACG Air Mowabb,650
Nike ACG Air Nasu 2,651
Nike ACG 'Cinder Cone',652
Nike ACG Dri-FIT,653
Nike ACG Dri-FIT ADV 'Crater Lookout',654
Nike ACG Dri-FIT ADV FlyEase,655
Nike ACG Dri-FIT ADV 'Goat Rocks',656
Nike ACG Dri-FIT UV 'Devastation Trail',657
Nike ACG GORE-TEX 'Misery Ridge',658
Nike ACG 'Happy Arachnid',659
Nike ACG Heritage86,660
Nike ACG 'Ice Cave',661
Nike ACG Karst,662
Nike ACG 'Kelley Ridge' 2.0,663
Nike ACG Lowcate,664
Nike ACG Moc 3.5,665
Nike ACG Mountain Fly Low GORE-TEX SE,666
Nike ACG Mountain Fly Low SE,667
Nike ACG Smith Summit,668
Nike ACG 'Snowgrass',669
Nike ACG 'Steeple Rock',670
Nike ACG Storm-FIT ADV 'Cascade Rains',671
Nike ACG Therma-FIT,672
Nike ACG Therma-FIT 'Wolf Tree',673
Nike AeroBill Classic99,674
Nike AeroBill Tailwind,675
Nike AeroSwift,676
Nike AeroSwift NN,677
Nike Air,678
Nike Air Classic99,679
Nike Air Deschutz +SE,680
Nike Air Dri-FIT,681
Nike Air Dri-FIT Fast,682
Nike Air Dri-FIT Indy,683
Nike Air Dri-FIT Swoosh,684
Nike Air Dri-FIT Swoosh 1/2-Zip,685
Nike Air Essential,686
Nike Air Essentials,687
Nike Air Force 1,688
Nike Air Force 1 '07,689
Nike Air Force 1 '07 ESS,690
Nike Air Force 1 '07 Low,691
Nike Air Force 1 '07 LV8,692
Nike Air Force 1 '07 LV8 UT,693
Nike Air Force 1 '07 LX,694
Nike Air Force 1 '07 Next Nature,695
Nike Air Force 1 '07 SN,696
Nike Air Force 1 Crater,697
Nike Air Force 1 Crater Flyknit,698
Nike Air Force 1 Crater Flyknit Next Nature,699
Nike Air Force 1 Crater Next Nature,700
Nike Air Force 1 Fontanka,701
Nike Air Force 1 High,702
Nike Air Force 1 High By You,703
Nike Air Force 1 High LV8 3,704
Nike Air Force 1 High Unlocked By You,705
Nike Air Force 1 High Utility 2.0,706
Nike Air Force 1 LE,707
Nike Air Force 1 LO '07,708
Nike Air Force 1 Low,709
Nike Air Force 1 Low By You,710
Nike Air Force 1 Low PLT.AF.ORM,711
Nike Air Force 1 Low Unlocked By You,712
Nike Air Force 1 LV8,713
Nike Air Force 1 LV8 EMB,714
Nike Air Force 1 LV8 Next Nature,715
Nike Air Force 1 LXX,716
Nike Air Force 1 LXX x Swarovski,717
Nike Air Force 1 Mid,718
Nike Air Force 1 Mid '07,719
Nike Air Force 1 Mid '07 QS,720
Nike Air Force 1 Mid By You,721
Nike Air Force 1 Mid LE,722
Nike Air Force 1 Mid QS,723
Nike Air Force 1 Mid React,724
Nike Air Force 1 PLT.AF.ORM,725
Nike Air Force 1 React,726
Nike Air Force 1 Sculpt,727
Nike Air Force 1 Shadow,728
Nike Air Force 1 x Serena Williams Design Crew,729
Nike Air Huarache,730
Nike Air Huarache Crater Premium,731
Nike Air Huarache J22,732
Nike Air Huarache LE,733
Nike Air Huarache SE,734
Nike Air Hybrid 2,735
Nike Air Kukini,736
Nike Air Max,737
Nike Air Max 1,738
Nike Air Max 2021,739
Nike Air Max 2021 SE,740
Nike Air Max 2090,741
Nike Air Max 270,742
Nike Air Max 270 G,743
Nike Air Max 90,744
Nike Air Max 90 By Lincoln,745
Nike Air Max 90 By You,746
Nike Air Max 90 Futura,747
Nike Air Max 90 G,748
Nike Air Max 90 G NRG,749
Nike Air Max 90 LTR,750
Nike Air Max 90 LTR SE,751
Nike Air Max 90 NRG,752
Nike Air Max 90 Premium,753
Nike Air Max 90 SE,754
Nike Air Max 90 Toggle,755
Nike Air Max 90 Toggle SE,756
Nike Air Max 95,757
Nike Air Max 95 By PPSC,758
Nike Air Max 95 By Sean Cosgrove,759
Nike Air Max 95 By You,760
Nike Air Max 95 Essential,761
Nike Air Max 95 Recraft,762
Nike Air Max 95 SE,763
Nike Air Max 95 Unlocked By You,764
Nike Air Max 96 2,765
Nike Air Max 96 II,766
Nike Air Max 97,767
Nike Air Max 97 By You,768
Nike Air Max 97 NB 2,769
Nike Air Max 97 SE,770
Nike Air Max 97 Unlocked By You,771
Nike Air Max Alpha Trainer 4,772
Nike Air Max Alpha Trainer 5,773
Nike Air Max AP,774
Nike Air Max Axis,775
Nike Air Max Bella TR 4,776
Nike Air Max Bella TR 5,777
Nike Air Max Bella TR 5 Premium,778
Nike Air Max Bliss,779
Nike Air Max Bolt,780
Nike Air Max Command,781
Nike Air Max Dawn,782
Nike Air Max Dawn Next Nature,783
Nike Air Max Dawn SE,784
Nike Air Max Excee,785
Nike Air Max Exosense,786
Nike Air Max Flyknit Racer,787
Nike Air Max Genome,788
Nike Air Max Goaterra 2.0,789
Nike Air Max Impact 3,790
Nike Air Max INTRLK Lite,791
Nike Air Max Invigor,792
Nike Air Max Invigor Print,793
Nike Air Max Motif,794
Nike Air Max Motif Next Nature,795
Nike Air Max Motif SE,796
Nike Air Max Oketo,797
Nike Air Max Plus,798
Nike Air Max Plus 3,799
Nike Air Max Plus 3 Air Max Month,800
Nike Air Max Plus 3 Leather,801
Nike Air Max Plus III,802
Nike Air Max Pre-Day,803
Nike Air Max Pre-Day SE,804
Nike Air Max SC,805
Nike Air Max SYSTM,806
Nike Air Max Tailwind V SP,807
Nike Air Max Terrascape 90,808
Nike Air Max Terrascape Plus,809
Nike Air More Uptempo,810
Nike Air More Uptempo '96,811
Nike Air Pegasus 83,812
Nike Air Pegasus 83 PRM,813
Nike Air Presto,814
Nike Air Presto By You,815
Nike Air Presto Mid Utility,816
Nike Air Presto Premium,817
Nike Air Presto x Hello Kitty Â®,818
Nike Air Sport 2,819
Nike Air Trainer 1,820
Nike Air Trainer 1 SP,821
Nike Air Tuned Max,822
Nike Air VaporMax 2021 FK,823
Nike Air VaporMax 2021 FK SE,824
Nike Air VaporMax 2021 Flyknit,825
Nike Air VaporMax 2021 Flyknit Next Nature,826
Nike Air VaporMax Plus,827
Nike Air Zoom Alphafly NEXT% 2,828
Nike Air Zoom Alphafly NEXT% Flyknit,829
Nike Air Zoom Arcadia 2,830
Nike Air Zoom Crossover,831
Nike Air Zoom Flight 95,832
Nike Air Zoom G.T. Jump,833
Nike Air Zoom Infinity Tour NEXT%,834
Nike Air Zoom Infinity Tour NEXT% NRG,835
Nike Air Zoom Infinity Tour NXT%,836
Nike Air Zoom LJ Elite,837
Nike Air Zoom Maxfly,838
Nike Air Zoom Pegasus 38,839
Nike Air Zoom Pegasus 39,840
Nike Air Zoom Pegasus 39 A.I.R. Hola Lou,841
Nike Air Zoom Pegasus 39 By Bretman Rock,842
Nike Air Zoom Pegasus 39 By You,843
Nike Air Zoom Pegasus 39 Premium,844
Nike Air Zoom Pegasus FlyEase,845
Nike Air Zoom Pegasus FlyEase By Shelly-Ann Fraser-Pryce,846
Nike Air Zoom Pegasus FlyEase By You,847
Nike Air Zoom Pulse,848
Nike Air Zoom Rival Fly 3,849
Nike Air Zoom Structure 23,850
Nike Air Zoom Structure 24,851
Nike Air Zoom SuperRep 3,852
Nike Air Zoom SuperRep 3 Premium,853
Nike Air Zoom Tempo NEXT%,854
Nike Air Zoom Tempo NEXT% FlyEase,855
Nike Air Zoom Tempo NEXT% Flyknit,856
Nike Air Zoom Terra Kiger 8,857
Nike Air Zoom Victory,858
Nike Air Zoom Victory Tour 2,859
Nike Air Zoom Vomero 16,860
Nike Asuna 2 Next Nature,861
Nike Be True,862
Nike Benassi JDI,863
Nike Blazer Low '77,864
Nike Blazer Low '77 By You,865
Nike Blazer Low '77 Jumbo,866
Nike Blazer Low '77 PRM,867
Nike Blazer Low '77 Vintage,868
Nike Blazer Low Jumbo,869
Nike Blazer Low Platform,870
Nike Blazer Low X,871
Nike Blazer Mid,872
Nike Blazer Mid '77,873
Nike Blazer Mid '77 By You,874
Nike Blazer Mid '77 Jumbo,875
Nike Blazer Mid '77 Next Nature,876
Nike Blazer Mid '77 PRM,877
Nike Blazer Mid '77 SE Dance,878
Nike Blazer Mid '77 Suede,879
Nike Blazer Mid '77 Vintage,880
Nike Bliss Luxe,881
Nike Boonie,882
Nike Brasilia,883
Nike Brasilia 9.5,884
Nike Brasilia JDI,885
Nike Breaking2,886
Nike Breathe,887
Nike Burrow,888
Nike Burrow SE,889
Nike Caddy,890
Nike Challenger,891
Nike Charge,892
Nike Circa 72,893
Nike City Rep TR,894
Nike Classic,895
Nike Classic 2,896
Nike Club Elite,897
Nike Club Fleece,898
Nike Club Fleece+,899
Nike Club Skirt,900
Nike Club Team,901
Nike Club+,902
Nike Cold Weather,903
Nike Colour Block,904
Nike Cortez Be True,905
Nike Cosmic Unity 2,906
"Nike Cosmic Unity 2 ""A'ja Wilson""",907
Nike Court Borough Low 2,908
Nike Court Borough Low 2 Lil Fruits,909
Nike Court Borough Low 2 SE,910
Nike Court Borough Mid 2,911
Nike Court Legacy Lift,912
Nike Court Legacy Next Nature,913
Nike Court Naomi Osaka Collection,914
Nike Court Royale 2,915
Nike Court Vintage Premium,916
Nike Court Vision Alta,917
Nike Court Vision Low,918
Nike Court Vision Low Next Nature,919
Nike Court Vision Mid,920
Nike Court Vision Mid Next Nature,921
Nike Courtside,922
Nike Crater Impact,923
Nike Crater Impact SE,924
Nike Crater Remixa,925
Nike Culture of Basketball,926
Nike Cushioned,927
Nike Daybreak,928
Nike Defy All Day,929
Nike Downshifter 10,930
Nike Downshifter 11,931
Nike Downshifter 12,932
Nike Dri-FIT,933
Nike Dri-FIT (M),934
Nike Dri-FIT (NFL),935
Nike Dri-FIT 10K Icon Clash,936
Nike Dri-FIT 10K2,937
Nike Dri-FIT 2.0 Circa 72,938
Nike Dri-FIT A.I.R.,939
Nike Dri-FIT A.I.R. Hola Lou,940
Nike Dri-FIT Academy,941
Nike Dri-FIT Academy Pro,942
Nike Dri-FIT Ace,943
Nike Dri-FIT ACG UV 'Snowgrass',944
Nike Dri-FIT ADV A.P.S.,945
Nike Dri-FIT ADV Ace,946
Nike Dri-FIT ADV ACG 'New Sands',947
Nike Dri-FIT ADV AeroSwift,948
Nike Dri-FIT ADV AeroSwift NN Running Team,949
Nike Dri-FIT ADV Alpha,950
Nike Dri-FIT ADV Aura,951
Nike Dri-FIT ADV Indy,952
Nike Dri-FIT ADV Run Division,953
Nike Dri-FIT ADV Run Division Epic Luxe,954
Nike Dri-FIT ADV Run Division Pinnacle,955
Nike Dri-FIT ADV Run Division TechKnit,956
Nike Dri-FIT ADV Techknit Ultra,957
Nike Dri-FIT ADV Tiger Woods,958
Nike Dri-FIT ADV Vapor,959
Nike Dri-FIT AeroBill Featherlight,960
Nike Dri-FIT AeroBill Legacy91,961
Nike Dri-FIT AeroBill One,962
Nike Dri-FIT Alate Coverage,963
Nike Dri-FIT Alate Ellipse,964
Nike Dri-FIT Alate Minimalist,965
Nike Dri-FIT Alate Trace,966
Nike Dri-FIT Alpha,967
Nike Dri-FIT Attack,968
Nike Dri-FIT AW84,969
Nike Dri-FIT Challenger,970
Nike Dri-FIT Challenger Ekiden,971
Nike Dri-FIT Club,972
Nike Dri-FIT CR7,973
Nike Dri-FIT Croatia,974
Nike Dri-FIT DNA,975
Nike Dri-FIT DNA+,976
Nike Dri-FIT Eclipse,977
Nike Dri-FIT Elastika,978
Nike Dri-FIT Epic Fast,979
Nike Dri-FIT Epic Luxe,980
Nike Dri-FIT Essential,981
Nike Dri-FIT F.C. Libero,982
Nike Dri-FIT F.C. Tribuna,983
Nike Dri-FIT Fast,984
Nike Dri-FIT Fleece,985
Nike Dri-FIT Flex,986
Nike Dri-FIT Flex Stride,987
Nike Dri-FIT Fly Crossover,988
Nike Dri-FIT Gardien 1 Goalkeeper,989
Nike Dri-FIT Get Fit,990
Nike Dri-FIT Giannis,991
Nike Dri-FIT Heritage,992
Nike Dri-FIT 'HWPO',993
Nike Dri-FIT Icon Clash,994
Nike Dri-FIT Indy,995
Nike Dri-FIT Indy Icon Clash,996
Nike Dri-FIT Indy Shine,997
Nike Dri-FIT Instacool,998
Nike Dri-FIT ISoFly,999
Nike Dri-FIT KD,1000
Nike Dri-FIT Kylian Mbappé,1001
Nike Dri-FIT Legacy91,1002
Nike Dri-FIT Lil' Penny,1003
Nike Dri-FIT Logo Legend (NFL Buffalo Bills),1004
Nike Dri-FIT Logo Legend (NFL Philadelphia Eagles),1005
Nike Dri-FIT Logo Legend (NFL Pittsburgh Steelers),1006
Nike Dri-FIT Logo Legend (NFL Tennessee Titans),1007
Nike Dri-FIT Miler,1008
Nike Dri-FIT Miler D.Y.E.,1009
Nike Dri-FIT One,1010
Nike Dri-FIT One (M),1011
Nike Dri-FIT One Breathe,1012
Nike Dri-FIT One Elastika,1013
Nike Dri-FIT One Icon Clash,1014
Nike Dri-FIT One Luxe,1015
Nike Dri-FIT One Luxe Icon Clash,1016
Nike Dri-FIT Pacer,1017
Nike Dri-FIT Park,1018
Nike Dri-FIT Park 4 Goalkeeper JBY,1019
Nike Dri-FIT Park 7,1020
Nike Dri-FIT Performance Select,1021
Nike Dri-FIT Phenom Elite,1022
Nike Dri-FIT Phenom Run Division,1023
Nike Dri-FIT Player,1024
Nike Dri-FIT Poly+,1025
Nike Dri-FIT Race,1026
Nike Dri-FIT Rebel Fly,1027
Nike Dri-FIT Repel,1028
Nike Dri-FIT Retro Fly,1029
Nike Dri-FIT Retro Run,1030
Nike Dri-FIT Rise 365,1031
Nike Dri-FIT Run,1032
Nike Dri-FIT Run Division,1033
Nike Dri-FIT Run Division Challenger,1034
Nike Dri-FIT Run Division Epic Luxe,1035
Nike Dri-FIT Run Division Fast,1036
Nike Dri-FIT Run Division Flash,1037
Nike Dri-FIT Run Division Flex Stride,1038
Nike Dri-FIT Run Division Phenom,1039
Nike Dri-FIT Run Division Rise 365,1040
Nike Dri-FIT Run Division Stride,1041
Nike Dri-FIT Run Division Tempo Luxe,1042
Nike Dri-FIT Sport Clash,1043
Nike Dri-FIT Sprinter,1044
Nike Dri-FIT Standard Issue,1045
Nike Dri-FIT Standard Issue x Space Jam: A New Legacy,1046
Nike Dri-FIT Starting 5,1047
Nike Dri-FIT Stride,1048
Nike Dri-FIT Stride Run Division,1049
Nike Dri-FIT Strike,1050
Nike Dri-FIT Strike 2,1051
Nike Dri-FIT Strike Winter Warrior,1052
Nike Dri-FIT Superset,1053
Nike Dri-FIT Swoosh,1054
Nike Dri-FIT Swoosh (M),1055
Nike Dri-FIT Swoosh Fly,1056
Nike Dri-FIT Swoosh Fly Standard Issue,1057
Nike Dri-FIT Swoosh Icon Clash,1058
Nike Dri-FIT Swoosh Icon Clash Wrap,1059
Nike Dri-FIT Swoosh Luxe,1060
Nike Dri-FIT Swoosh Run,1061
Nike Dri-FIT Team Name Legend Sideline (NFL Dallas Cowboys),1062
Nike Dri-FIT Team Name Legend Sideline (NFL Denver Broncos),1063
Nike Dri-FIT Team Name Legend Sideline (NFL Jacksonville Jaguars),1064
Nike Dri-FIT Team Name Legend Sideline (NFL Las Vegas Raiders),1065
Nike Dri-FIT Tempo,1066
Nike Dri-FIT Tempo Race,1067
Nike Dri-FIT Tiger Woods Legacy91,1068
Nike Dri-FIT Tokyo,1069
Nike Dri-FIT Tour,1070
Nike Dri-FIT Trail,1071
Nike Dri-FIT Trail Rise 365,1072
Nike Dri-FIT Trophy,1073
Nike Dri-FIT UV,1074
Nike Dri-FIT UV Ace,1075
Nike Dri-FIT UV Challenger,1076
Nike Dri-FIT UV One Luxe,1077
Nike Dri-FIT UV Run Division Miler,1078
Nike Dri-FIT UV Victory,1079
Nike Dri-FIT Vapor,1080
Nike Dri-FIT Venom 3,1081
Nike Dri-FIT Victory,1082
Nike Dri-FIT Winter Warrior,1083
Nike Dri-FIT x MMW,1084
Nike Dri-FIT x Space Jam: A New Legacy,1085
Nike Dunk High,1086
Nike Dunk High By You,1087
Nike Dunk High Retro,1088
Nike Dunk High Retro SE,1089
Nike Dunk High Up,1090
Nike Dunk High x CLOT,1091
Nike Dunk Low,1092
Nike Dunk Low By You,1093
Nike Dunk Low Disrupt 2 SE,1094
Nike Dunk Low LX,1095
Nike Dunk Low SE,1096
Nike Dunk Low Unlocked By You,1097
Nike Dura Feel 10,1098
Nike Dura Feel IX,1099
Nike Dynamo Go,1100
Nike Dynamo Go Lil Fruits,1101
Nike Ebernon Mid,1102
Nike Eclipse,1103
Nike Elevated,1104
Nike Elite All-Court 8P,1105
Nike Elite Championship 8P,1106
Nike Elite Crew,1107
Nike Elite Pro,1108
Nike Elite Tournament 8P,1109
Nike Elite Xmas,1110
Nike Epic Fast,1111
Nike Epic Fast Tokyo,1112
Nike Epic Luxe,1113
Nike ESC,1114
Nike Escape Run Flyknit,1115
Nike Essential,1116
Nike Essential (NFL Green Bay Packers),1117
Nike Everyday,1118
Nike Everyday Cushioned,1119
Nike Everyday Essential,1120
Nike Everyday Essentials,1121
Nike Everyday Essentials Circa 72,1122
Nike Everyday Lightweight,1123
Nike Everyday Max Cushioned,1124
Nike Everyday Plus,1125
Nike Everyday Plus Cushion,1126
Nike Everyday Plus Cushioned,1127
Nike Everyday Plus Lightweight,1128
Nike Extreme,1129
Nike F.C.,1130
Nike F.C. Dri-FIT,1131
Nike F.C. Dri-FIT AWF,1132
Nike F.C. Dri-FIT Libero,1133
Nike F.C. Home Germany,1134
Nike F.C. Libero,1135
Nike F.C. SE11,1136
Nike F.C. Tribuna,1137
Nike Fast,1138
Nike FE/NOM Flyknit,1139
Nike Flash Quilted,1140
Nike Flex,1141
Nike Flex Advance,1142
Nike Flex Advance SE,1143
Nike Flex Essential 2-in-1,1144
Nike Flex Experience Run 10,1145
Nike Flex Experience Run 11 Next Nature,1146
Nike Flex Runner,1147
Nike Flex Runner 2,1148
Nike Flex Runner 2 Lil,1149
Nike Flex Stride,1150
Nike Flow,1151
Nike Fly,1152
Nike Fly Crossover,1153
Nike Fly x Space Jam: A New Legacy,1154
Nike FlyEase Play,1155
Nike Fontanka Waffle,1156
Nike Force 1,1157
Nike Force 1 Cot,1158
Nike Force 1 Cot SE,1159
Nike Force 1 Crater Flyknit,1160
Nike Force 1 Crater Next Nature,1161
Nike Force 1 Fontanka,1162
Nike Force 1 LE,1163
Nike Force 1 LV8,1164
Nike Force 1 LV8 2,1165
Nike Force 1 LV8 Utility,1166
Nike Force 1 Next Nature,1167
Nike Force 1 Toggle SE,1168
Nike Force Swoosh,1169
Nike Free Metcon 4,1170
Nike Free Run 5.0,1171
Nike Free Run Trail,1172
Nike Free Terra Vista,1173
Nike Free Terra Vista Next Nature,1174
Nike Fury,1175
Nike Futsal Maestro,1176
Nike Futsal Pro,1177
Nike Get Fit,1178
Nike Glide FlyEase,1179
Nike Go FlyEase,1180
Nike Goalkeeper Grip3,1181
Nike Goalkeeper Match,1182
Nike Goalkeeper Phantom Shadow,1183
Nike Goalkeeper Vapor Grip3,1184
Nike GORE-TEX INFINIUM â„¢,1185
Nike GORE-TEX INFINIUM ™,1186
Nike Guard Lock,1187
Nike Guard Lock Elite,1188
Nike Guard Stay 2,1189
Nike Gym,1190
Nike Gym Club,1191
Nike Gym Premium,1192
Nike Heritage,1193
Nike Heritage86,1194
Nike Historic (NFL Raiders),1195
Nike Historic Raglan (NFL Packers),1196
Nike Huarache Run,1197
Nike Huarache Run SE,1198
Nike Huarache SE,1199
Nike HydraStrong Multiple Print,1200
Nike HydraStrong Solid,1201
Nike HyperCharge 682ml (approx.),1202
Nike Icon Clash,1203
Nike Icon Classic,1204
Nike Impossibly Light,1205
Nike Indy Icon Clash,1206
Nike Infinity Pro 2,1207
Nike Infinity Run 3 A.I.R. x Hola Lou,1208
Nike Intensity,1209
Nike Internationalist,1210
Nike Internationalist By You,1211
Nike iSPA,1212
Nike J Guard-CE,1213
Nike Jr. Goalkeeper Match,1214
Nike Jr. Mercurial Superfly 9 Club FG/MG,1215
Nike Jr. Mercurial Superfly 9 Club IC,1216
Nike Jr. Mercurial Superfly 9 Club TF,1217
Nike Jr. Mercurial Vapor 15 Club FG/MG,1218
Nike Jr. Mercurial Vapor 15 Club IC,1219
Nike Jr. Mercurial Vapor 15 Club MG,1220
Nike Jr. Mercurial Vapor 15 Club TF,1221
Nike Jr. Mercurial Zoom Superfly 9 Academy AG,1222
Nike Jr. Phantom GT2 Academy Dynamic Fit MG,1223
Nike Jr. Phantom GT2 Academy Dynamic Fit TF,1224
Nike Jr. Phantom GT2 Academy IC,1225
Nike Jr. Phantom GT2 Academy MG,1226
Nike Jr. Phantom GT2 Academy TF,1227
Nike Jr. Phantom GT2 Club Dynamic Fit TF,1228
Nike Jr. Phantom GT2 Club MG,1229
Nike Jr. Phantom GT2 Club TF,1230
Nike Jr. Streetgato,1231
Nike Jr. Tiempo Legend 9 Academy IC,1232
Nike Jr. Tiempo Legend 9 Academy MG,1233
Nike Jr. Tiempo Legend 9 Academy TF,1234
Nike Jr. Tiempo Legend 9 Club MG,1235
Nike Jr. Tiempo Legend 9 Club TF,1236
Nike Jr. Zoom Mercurial Superfly 9 Academy FG/MG,1237
Nike Jr. Zoom Mercurial Superfly 9 Academy IC,1238
Nike Jr. Zoom Mercurial Superfly 9 Academy TF,1239
Nike Jr. Zoom Mercurial Vapor 15 Academy AG,1240
Nike Jr. Zoom Mercurial Vapor 15 Academy IC,1241
Nike Jr. Zoom Mercurial Vapor 15 Academy MG,1242
Nike Jr. Zoom Mercurial Vapor 15 Academy TF,1243
Nike Juniper Trail,1244
Nike Kawa,1245
Nike Kawa SE,1246
Nike Kiger 4.0,1247
Nike Lahar Low,1248
Nike Lap 4,1249
Nike Lean,1250
Nike LeBron 9,1251
Nike LeBron IX,1252
Nike Legacy91,1253
Nike Legend Essential 2,1254
Nike Legend Essential 2 Premium,1255
Nike Legend Sideline (NFL Bears),1256
Nike Legend Sideline (NFL Dallas Cowboys),1257
Nike Legend Sideline (NFL Las Vegas Raiders),1258
Nike Legend Sideline (NFL New England Patriots),1259
Nike Legend Sideline (NFL Seattle Seahawks),1260
Nike Life,1261
Nike Lightweight,1262
Nike Lil' Penny,1263
Nike Logo Essential (NFL San Francisco 49ers),1264
Nike Lunar Gato II IC,1265
Nike Manoa,1266
Nike Manoa Leather,1267
Nike Manoa Leather SE,1268
Nike Manoa LTR,1269
Nike Mastery,1270
Nike MatchFit,1271
Nike MC Trainer,1272
Nike MC Trainer 2,1273
Nike MD Runner 2,1274
Nike MD Valiant,1275
Nike MD Valiant SE,1276
Nike Mercurial Superfly 8 Academy By You,1277
Nike Mercurial Superfly 8 Elite By You,1278
Nike Mercurial Superfly 9 Club IC,1279
Nike Mercurial Superfly 9 Club MG,1280
Nike Mercurial Superfly 9 Club TF,1281
Nike Mercurial Vapor 14 Academy By You,1282
Nike Mercurial Vapor 14 Elite By You,1283
Nike Mercurial Vapor 15 Club IC,1284
Nike Mercurial Vapor 15 Club MG,1285
Nike Mercurial Vapor 15 Club TF,1286
Nike Metcon 7,1287
Nike Metcon 7 FlyEase,1288
Nike Metcon 7 Premium,1289
Nike Metcon 8,1290
Nike Metcon 8 By Adrian Mundwiler,1291
Nike Metcon 8 By AndrÃ© Houdet,1292
Nike Metcon 8 By Gabriela Migala,1293
Nike Metcon 8 By Sol Sigurdardottir,1294
Nike Metcon 8 By You,1295
Nike Metcon 8 FlyEase,1296
Nike Miler,1297
Nike Multiplier,1298
Nike Next Nature Skills,1299
Nike NSRL Precool,1300
Nike Offline 2.0,1301
Nike Offline 2.0 PRM,1302
Nike Offline 3.0,1303
Nike Omni Multi-Court,1304
Nike On Deck,1305
Nike One,1306
Nike One (M),1307
Nike One Club,1308
Nike One Dri-FIT,1309
Nike One Luxe,1310
Nike One Luxe Dri-FIT,1311
Nike One Luxe Icon Clash,1312
Nike Oneonta,1313
Nike Oneonta Be True,1314
Nike Outdoor Play,1315
Nike Pacer,1316
Nike Park,1317
Nike Path Winter,1318
Nike Pegasus Trail 3,1319
Nike Pegasus Turbo Next Nature,1320
Nike Performance,1321
Nike Performance Cart,1322
Nike Phantom,1323
Nike Phantom GT Elite By You,1324
Nike Phantom GT2 Academy Dynamic Fit IC,1325
Nike Phantom GT2 Academy Dynamic Fit MG,1326
Nike Phantom GT2 Academy Dynamic Fit TF,1327
Nike Phantom GT2 Academy FlyEase MG,1328
Nike Phantom GT2 Academy IC,1329
Nike Phantom GT2 Academy MG,1330
Nike Phantom GT2 Academy SG-Pro AC,1331
Nike Phantom GT2 Academy TF,1332
Nike Phantom GT2 Club Dynamic Fit TF,1333
Nike Phantom GT2 Club IC,1334
Nike Phantom GT2 Club TF,1335
Nike Phantom GT2 Dynamic Fit Elite FG,1336
Nike Phantom GT2 Elite AG-Pro,1337
Nike Phantom GT2 Elite FG,1338
Nike Phantom GT2 Pro Dynamic Fit FG,1339
Nike Phantom GT2 Pro FG,1340
Nike Phantom GT2 Pro TF,1341
Nike Phenom Elite,1342
Nike Pico 5,1343
Nike Pitch,1344
Nike Poly+,1345
Nike Power,1346
Nike Precision 5,1347
Nike Precision 6,1348
Nike Precool,1349
Nike Premier,1350
Nike Premium,1351
Nike Presto x Hello Kitty Â®,1352
Nike Pro,1353
Nike Pro 365,1354
Nike Pro Dri-FIT,1355
Nike Pro Dri-FIT ADV,1356
Nike Pro Dri-FIT ADV Recovery,1357
Nike Pro Dri-FIT Burnout,1358
Nike Pro Dri-FIT Flex,1359
Nike Pro Dri-FIT Flex Rep,1360
Nike Pro Dri-FIT Flex Vent Max,1361
Nike Pro Dri-FIT Get Fit,1362
Nike Pro Dri-FIT One,1363
Nike Pro Dri-FIT Swoosh,1364
Nike Pro Dri-FIT Vent Max,1365
Nike Pro Elite 2.0,1366
Nike Pro Therma,1367
Nike Pro Therma-FIT,1368
Nike Pro Therma-FIT ADV,1369
Nike Pro Warm,1370
Nike Pro Warm Dri-FIT,1371
Nike Quest 4,1372
Nike Quest 5,1373
Nike Racing,1374
Nike React Ace Tour,1375
Nike React Escape Run 2,1376
Nike React Escape Run 2 By You,1377
Nike React Escape Run 2 Premium,1378
Nike React HyperSet,1379
Nike React Infinity Flyknit 3,1380
Nike React Infinity Pro,1381
Nike React Infinity Run Flyknit 3,1382
Nike React Infinity Run Flyknit 3 By You,1383
Nike React Infinity Run Flyknit 3 Premium,1384
Nike React Live,1385
Nike React Miler 2,1386
Nike React Miler 3,1387
Nike React Pegasus Trail 4,1388
Nike React Pegasus Trail 4 GORE-TEX,1389
Nike React Tiempo Legend 9 Pro TF,1390
Nike React Vision,1391
Nike React Vision By You,1392
Nike React Vision JDS,1393
Nike Renew Elevate 2,1394
Nike Renew Elevate 3,1395
Nike Renew In-Season TR 12,1396
Nike Renew Retaliation 4,1397
Nike Renew Retaliation TR 3,1398
Nike Renew Ride 3,1399
Nike Renew Run 3,1400
Nike Renew Serenity Run,1401
Nike Repel,1402
Nike Repel A.I.R. Hola Lou,1403
Nike Repel A.I.R. Windrunner,1404
Nike Repel Challenger,1405
Nike Repel Heritage,1406
Nike Repel Miler,1407
Nike Repel Run Division,1408
Nike Repel Tiger Woods,1409
Nike Repel UV D.Y.E.,1410
Nike Repel Vapor,1411
Nike Repel Windrunner,1412
Nike Reposto,1413
Nike Retro Fly,1414
Nike Retro GTS,1415
Nike Retro Run,1416
Nike Retro Run Fast,1417
Nike Revolution 6,1418
Nike Revolution 6 FlyEase,1419
Nike Revolution 6 FlyEase Next Nature,1420
Nike Revolution 6 Next Nature,1421
Nike Revolution 6 Next Nature SE,1422
Nike Revolution 6 NN,1423
Nike Rise 365 Tokyo,1424
Nike Romaleos 4,1425
Nike Roshe G,1426
Nike Roshe G Jr.,1427
Nike RT Live,1428
Nike Run,1429
Nike Run A.I.R.Nathan Bell,1430
Nike Run Division,1431
Nike Run Stripe,1432
Nike Run Swift 2,1433
Nike Savaleos,1434
Nike SB,1435
Nike SB Blazer Court Mid Premium,1436
Nike SB BLZR Court,1437
Nike SB Chron 2,1438
Nike SB Dri-FIT,1439
Nike SB Dunk High Premium,1440
Nike SB Dunk High Pro,1441
Nike SB Essentials,1442
Nike SB Force 58,1443
Nike SB Force 58 Premium,1444
Nike SB Icon,1445
Nike SB Ishod Wair,1446
Nike SB Ishod Wair Premium,1447
Nike SB Kearny,1448
Nike SB Nyjah Free 2,1449
Nike SB RPM,1450
Nike SB Shane,1451
Nike SB Sunday,1452
Nike SB Therma-FIT,1453
Nike SB Zoom Blazer Low Pro GT,1454
Nike SB Zoom Blazer Low Pro GT Premium,1455
Nike SB Zoom Blazer Mid,1456
Nike SB Zoom Blazer Mid EK,1457
Nike SB Zoom Blazer Mid PRM,1458
Nike Shield,1459
Nike Shield Phenom,1460
Nike Sideline Repel (NFL Las Vegas Raiders),1461
Nike Sneakerkini,1462
Nike Solid,1463
Nike Solo Swoosh,1464
Nike Space Hippie 04,1465
Nike Spark,1466
Nike Spark Lightweight,1467
Nike Spark Wool,1468
Nike Sphere 360,1469
Nike Sport,1470
Nike Sport Circa 72,1471
Nike Sport Clash,1472
Nike Sport Lite,1473
Nike Sportswear,1474
Nike Sportswear Air,1475
Nike Sportswear Air Max,1476
Nike Sportswear Airloom Heritage86,1477
Nike Sportswear Arch,1478
Nike Sportswear Circa,1479
Nike Sportswear Circa 50,1480
Nike Sportswear Circa 72,1481
Nike Sportswear Circa 72 Windrunner,1482
Nike Sportswear City Edition,1483
Nike Sportswear City Made,1484
Nike Sportswear Classic 99,1485
Nike Sportswear Club,1486
Nike Sportswear Club Fleece,1487
Nike Sportswear Club Fleece Icon Clash,1488
Nike Sportswear Club Fleece+,1489
Nike Sportswear Collection Essentials,1490
Nike Sportswear Dri-FIT,1491
Nike Sportswear Dri-FIT ADV Tech Pack,1492
Nike Sportswear Dri-FIT Pro Futura,1493
Nike Sportswear Dri-FIT Tech Pack,1494
Nike Sportswear Essential,1495
Nike Sportswear Essential (Plus size),1496
Nike Sportswear Essential Collection,1497
Nike Sportswear Essential Storm-FIT,1498
Nike Sportswear Essential Windrunner,1499
Nike Sportswear Essentials,1500
Nike Sportswear Essentials+,1501
Nike Sportswear Everyday Essential,1502
Nike Sportswear Everyday Modern,1503
Nike Sportswear Favorites,1504
Nike Sportswear Favourites,1505
Nike Sportswear Femme,1506
Nike Sportswear Futura 365,1507
Nike Sportswear Futura Luxe,1508
Nike Sportswear Gym Vintage,1509
Nike Sportswear Heritage,1510
Nike Sportswear Heritage 86,1511
Nike Sportswear Heritage86,1512
Nike Sportswear Heritage86 Futura,1513
Nike Sportswear Heritage86 Futura Washed,1514
Nike Sportswear Hybrid,1515
Nike Sportswear Icon Clash,1516
Nike Sportswear Icon Clash Essential,1517
Nike Sportswear Icon Fleece,1518
Nike Sportswear JDI,1519
Nike Sportswear Kids Pack,1520
Nike Sportswear Legacy 91,1521
Nike Sportswear Marble EcoDown,1522
Nike Sportswear Phoenix Fleece,1523
Nike Sportswear Premium Essentials,1524
Nike Sportswear Repeat,1525
Nike Sportswear Repel Tech Pack,1526
Nike Sportswear Repel Windrunner,1527
Nike Sportswear Revival,1528
Nike Sportswear Revolution,1529
Nike Sportswear RPM,1530
Nike Sportswear Solo Swoosh,1531
Nike Sportswear Sport Essential,1532
Nike Sportswear Sport Essentials,1533
Nike Sportswear Sport Essentials+,1534
Nike Sportswear Standard Issue,1535
Nike Sportswear Stele Essentials+,1536
Nike Sportswear Storm-FIT ADV,1537
Nike Sportswear Storm-FIT ADV Tech Pack,1538
Nike Sportswear Storm-FIT Legacy,1539
Nike Sportswear Storm-FIT Swoosh,1540
Nike Sportswear Storm-FIT Tech Pack,1541
Nike Sportswear Storm-FIT Windrunner,1542
Nike Sportswear Style Essentials,1543
Nike Sportswear Style Essentials+,1544
Nike Sportswear Swoosh,1545
Nike Sportswear Swoosh League,1546
Nike Sportswear Swoosh Tech Fleece,1547
Nike Sportswear Tech Essentials,1548
Nike Sportswear Tech Fleece,1549
Nike Sportswear Tech Fleece Windrunner,1550
Nike Sportswear Tech Pack,1551
Nike Sportswear Tech Woven,1552
Nike Sportswear Therma-FIT,1553
Nike Sportswear Therma-FIT ADV Tech Pack,1554
Nike Sportswear Therma-FIT City Series,1555
Nike Sportswear Therma-FIT Legacy,1556
Nike Sportswear Therma-FIT Repel,1557
Nike Sportswear Therma-FIT Tech Pack,1558
Nike Sportswear Trend,1559
Nike Sportswear Windrunner,1560
Nike Sportswear x Megan Rapinoe,1561
Nike Sportswear x Space Jam: A New Legacy,1562
Nike Squad,1563
Nike Standard Issue,1564
Nike Star Runner 2,1565
Nike Star Runner 3,1566
Nike Star Runner 3 SE,1567
Nike Storm-FIT,1568
Nike Storm-FIT ADV,1569
Nike Storm-FIT ADV ACG 'Chain of Craters',1570
Nike Storm-FIT ADV Rapid Adapt,1571
Nike Storm-FIT ADV Run Division,1572
Nike Storm-FIT Phenom Elite,1573
Nike Storm-FIT Run Division Flash,1574
Nike Storm-FIT Run Division Phenom Elite Flash,1575
Nike Storm-FIT Victory,1576
Nike Storm-FIT Windrunner,1577
Nike Streetgato,1578
Nike Stride D.Y.E.,1579
Nike Strike,1580
Nike Summer Daze 3-Piece Box Set,1581
Nike Sunray Adjust 5 V2,1582
Nike Sunray Protect 2,1583
Nike SuperRep Cycle,1584
Nike SuperRep Cycle 2 Next Nature,1585
Nike SuperRep Go 2,1586
Nike SuperRep Go 3 Flyknit Next Nature,1587
Nike SuperRep Go 3 Next Nature Flyknit,1588
Nike Swoosh,1589
Nike Swoosh Fly Standard Issue,1590
Nike Swoosh Run,1591
Nike Swoosh UltraBreathe,1592
Nike Tanjun,1593
Nike Team Hustle D 10,1594
Nike Team Hustle D 10 FlyEase,1595
Nike Team Hustle D 10 Lil,1596
Nike Team USA (Kevin Durant) (Home),1597
Nike Team USA (Road),1598
Nike Team USA (Sue Bird),1599
Nike Tech,1600
Nike Tempo Luxe,1601
Nike Therma,1602
Nike Therma Prime Logo (NFL Carolina Panthers),1603
Nike Therma Prime Logo (NFL New York Giants),1604
Nike Therma Repel Park,1605
Nike Therma Team Name Lockup (NFL Jacksonville Jaguars),1606
Nike Therma Team Name Lockup (NFL New England Patriots),1607
Nike Therma Team Name Lockup (NFL Seattle Seahawks),1608
Nike Therma-FIT,1609
Nike Therma-FIT Academy Winter Warrior,1610
Nike Therma-FIT ACG 'Wolf Tree',1611
Nike Therma-FIT ADV,1612
Nike Therma-FIT ADV A.P.S.,1613
"Nike Therma-FIT ADV ACG ""Rope De Dope""",1614
Nike Therma-FIT ADV Epic Luxe,1615
Nike Therma-FIT ADV Repel,1616
Nike Therma-FIT ADV Run Division,1617
Nike Therma-FIT All Time,1618
Nike Therma-FIT Essential,1619
Nike Therma-FIT One,1620
Nike Therma-FIT Repel,1621
Nike Therma-FIT Repel Challenger,1622
Nike Therma-FIT Repel Miler,1623
Nike Therma-FIT Repel Run Division,1624
Nike Therma-FIT Repel Run Division Miler,1625
Nike Therma-FIT Run Division,1626
Nike Therma-FIT Run Division Phenom Elite,1627
Nike Therma-FIT Run Division Sphere Element,1628
Nike Therma-FIT Starting 5,1629
Nike Therma-FIT Strike Winter Warrior,1630
Nike Therma-FIT Victory,1631
Nike Tiempo Legend 9 Academy IC,1632
Nike Tiempo Legend 9 Academy MG,1633
Nike Tiempo Legend 9 Academy SG-Pro AC,1634
Nike Tiempo Legend 9 Club IC,1635
Nike Tiempo Legend 9 Club MG,1636
Nike Tiempo Legend 9 Club TF,1637
Nike Tiempo Legend 9 Elite FG,1638
Nike Tiempo Legend 9 Elite SG-Pro AC,1639
Nike Tiempo Legend 9 Pro AG-Pro,1640
Nike Tiempo Legend 9 Pro FG,1641
Nike Tour Classic 4,1642
Nike TR Hypercharge Chug 473ml (approx.),1643
Nike Trail,1644
Nike Trail Mont Blanc,1645
Nike Trail Mount Blanc,1646
Nike Trophy,1647
Nike Ultimate,1648
Nike Utility,1649
Nike Utility Elite,1650
Nike Utility Power,1651
Nike Utility Speed,1652
Nike VaporKnit 3,1653
Nike VaporKnit FFF Strike,1654
Nike Venture Runner,1655
Nike Venturer,1656
Nike Victori One,1657
Nike Victori One Next Nature,1658
Nike Victory,1659
Nike Victory G Lite NN,1660
Nike Victory Logo,1661
Nike Vista,1662
Nike Vital,1663
Nike Waffle 1 SE,1664
Nike Waffle Debut,1665
Nike Waffle One,1666
Nike Waffle One By You,1667
Nike Waffle One Crater,1668
Nike Waffle One SE,1669
Nike Waffle Trainer 2,1670
Nike WearAllDay,1671
Nike Wildhorse 7,1672
Nike Windrunner,1673
Nike Winflo 8,1674
Nike Winterized,1675
Nike Woodside 2 High ACG,1676
Nike x ACRONYM®,1677
Nike x ACRONYM® Blazer Low,1678
Nike x Billie Eilish,1679
Nike x Billie Eilish Air Force 1 High '07,1680
Nike x Gyakusou,1681
Nike x MMW,1682
Nike x sacai,1683
Nike x StÃ¼ssy Force 1 Mid,1684
Nike x Travis Scott,1685
Nike Yoga,1686
Nike Yoga Dri-FIT,1687
Nike Yoga Dri-FIT A.I.R.,1688
Nike Yoga Dri-FIT ADV,1689
Nike Yoga Dri-FIT ADV Indy,1690
Nike Yoga Dri-FIT Advance,1691
Nike Yoga Dri-FIT Alate Curve,1692
Nike Yoga Dri-FIT Energy,1693
Nike Yoga Dri-FIT Indy,1694
Nike Yoga Dri-FIT Luxe,1695
Nike Yoga Dri-FIT Swoosh,1696
Nike Yoga Luxe,1697
Nike Yoga Luxe A.I.R.,1698
Nike Yoga Luxe Dri-FIT,1699
Nike Yoga Therma-FIT,1700
Nike Yoga Therma-FIT Luxe,1701
Nike Zoned Support,1702
Nike Zoom Air Fire,1703
Nike Zoom Alphafly Next Nature,1704
Nike Zoom Fly 4,1705
Nike Zoom Fly 5,1706
Nike Zoom Fly 5 A.I.R. Hola Lou,1707
Nike Zoom LeBron 3,1708
Nike Zoom Mercurial Superfly 9 Academy IC,1709
Nike Zoom Mercurial Superfly 9 Academy MG,1710
Nike Zoom Mercurial Superfly 9 Academy SG-Pro Anti-Clog Traction,1711
Nike Zoom Mercurial Superfly 9 Academy TF,1712
Nike Zoom Mercurial Superfly 9 Elite AG-Pro,1713
Nike Zoom Mercurial Superfly 9 Elite FG,1714
Nike Zoom Mercurial Superfly 9 Elite SG-Pro Anti-Clog Traction,1715
Nike Zoom Mercurial Superfly 9 Pro FG,1716
Nike Zoom Mercurial Vapor 15 Academy AG,1717
Nike Zoom Mercurial Vapor 15 Academy IC,1718
Nike Zoom Mercurial Vapor 15 Academy MG,1719
Nike Zoom Mercurial Vapor 15 Academy SG-Pro Anti-Clog Traction,1720
Nike Zoom Mercurial Vapor 15 Academy TF,1721
Nike Zoom Mercurial Vapor 15 Elite AG-Pro,1722
Nike Zoom Mercurial Vapor 15 Elite FG,1723
Nike Zoom Mercurial Vapor 15 Elite SG-Pro Anti-Clog Traction,1724
Nike Zoom Mercurial Vapor 15 Pro FG,1725
Nike Zoom Mercurial Vapor 15 Pro TF,1726
Nike Zoom Metcon Turbo 2,1727
Nike Zoom Rival D 10,1728
Nike Zoom Rival S 9,1729
Nike ZoomX Dragonfly,1730
Nike ZoomX Invincible Run Flyknit 2,1731
Nike ZoomX Streakfly,1732
Nike ZoomX Vaporfly NEXT%,1733
Nike ZoomX Vaporfly NEXT% 2,1734
Nike ZoomX Vaporfly Next% x Gyakusou,1735
Nike ZoomX Zegama,1736
NikeCourt,1737
NikeCourt Advantage,1738
NikeCourt AeroBill Rafa Heritage86,1739
NikeCourt Air Zoom GP Turbo HC Naomi Osaka,1740
NikeCourt Air Zoom Vapor Pro,1741
NikeCourt Dri-FIT,1742
NikeCourt Dri-FIT ADV Rafa,1743
NikeCourt Dri-FIT ADV Slam,1744
NikeCourt Dri-FIT Advantage,1745
NikeCourt Dri-FIT One Heritage,1746
NikeCourt Dri-FIT Rafa,1747
NikeCourt Dri-FIT Rafa Challenger,1748
NikeCourt Dri-FIT Slam,1749
NikeCourt Dri-FIT UV Victory,1750
NikeCourt Dri-FIT Victory,1751
NikeCourt Flex Ace,1752
NikeCourt Heritage86,1753
NikeCourt Heritage86 Naomi Osaka,1754
NikeCourt Legacy,1755
NikeCourt Legacy Canvas,1756
NikeCourt Multiplier Cushioned,1757
NikeCourt Multiplier Max,1758
NikeCourt Naomi Osaka Collection,1759
NikeCourt Premier,1760
NikeCourt React Vapor NXT,1761
NikeCourt Royale 2 Mid,1762
NikeCourt Royale 2 Next Nature,1763
NikeCourt Slam,1764
NikeCourt Vapor Lite,1765
NikeCourt Victory,1766
NikeCourt Zoom Lite 3,1767
NikeCourt Zoom NXT,1768
NikeCourt Zoom Pro,1769
NikeCourt Zoom Vapor Cage 4 Rafa,1770
NikeGrip Studio,1771
NikeLab Collection,1772
NikeLab Collection Beanie,1773
NikeLab Made In Italy Full-Zip,1774
NikeLab Made In Italy Sweatshirt,1775
Nikola JokiÄ‡ Nuggets Icon Edition 2020,1776
Nikola Jokić Nuggets Icon Edition 2020,1777
NOCTA,1778
NOCTA Legacy91,1779
Norway 2020 Stadium Home,1780
Paris Saint-Germain,1781
Paris Saint-Germain 2021/2022 Stadium Fourth,1782
Paris Saint-Germain 2021/22 Home,1783
Paris Saint-Germain 2021/22 Stadium Away,1784
Paris Saint-Germain 2021/22 Stadium Home,1785
Paris Saint-Germain 2021/22 Stadium Third,1786
Paris Saint-Germain 2022/23 Away,1787
Paris Saint-Germain 2022/23 Fourth,1788
Paris Saint-Germain 2022/23 Home,1789
Paris Saint-Germain 2022/23 Match Away,1790
Paris Saint-Germain 2022/23 Match Fourth,1791
Paris Saint-Germain 2022/23 Match Home,1792
Paris Saint-Germain 2022/23 Stadium,1793
Paris Saint-Germain 2022/23 Stadium Away,1794
Paris Saint-Germain 2022/23 Stadium Fourth,1795
Paris Saint-Germain 2022/23 Stadium Goalkeeper,1796
Paris Saint-Germain 2022/23 Stadium Goalkeeper Home,1797
Paris Saint-Germain 2022/23 Stadium Home,1798
Paris Saint-Germain Academy Pro,1799
Paris Saint-Germain Anthem,1800
Paris Saint-Germain Away,1801
Paris Saint-Germain AWF,1802
Paris Saint-Germain City Made,1803
Paris Saint-Germain Club,1804
Paris Saint-Germain Club Fleece,1805
Paris Saint-Germain Collection Essentials,1806
Paris Saint-Germain Crest,1807
Paris Saint-Germain Elite Away,1808
Paris Saint-Germain Essential,1809
Paris Saint-Germain Fourth,1810
Paris Saint-Germain JDI,1811
Paris Saint-Germain Repel Academy AWF,1812
Paris Saint-Germain Skills,1813
Paris Saint-Germain SNKR Sox,1814
Paris Saint-Germain Strike,1815
Paris Saint-Germain Strike Away,1816
Paris Saint-Germain Strike Elite,1817
Paris Saint-Germain Strike Elite Away,1818
Paris Saint-Germain Strike Elite Fourth,1819
Paris Saint-Germain Strike Elite Home,1820
Paris Saint-Germain Strike Fourth,1821
Paris Saint-Germain Strike Home,1822
Paris Saint-Germain Strike Winter Warrior,1823
Paris Saint-Germain Swoosh,1824
Paris Saint-Germain Synthetic-Fill,1825
Paris Saint-Germain Tech Fleece,1826
Paris Saint-Germain Tech Fleece Windrunner,1827
Paris Saint-Germain Travel,1828
Paris Saint-Germain Voice,1829
Paul George Clippers Icon Edition,1830
Pelicans Icon Edition,1831
PG 6,1832
Phantom Elite Goalkeeper,1833
Philadelphia 76ers City Edition,1834
Phoenix Suns,1835
Poland,1836
Poland 2020 Home,1837
Poland 2020 Stadium Away,1838
Poland 2020 Stadium Home,1839
Poland 2020 Stadium Home/Away,1840
Poland Home/Away,1841
Poland Strike,1842
Portugal,1843
Portugal 2020 Stadium Away,1844
Portugal 2020 Stadium Home,1845
Portugal 2020 Vapor Match Away,1846
Portugal Prestige,1847
Portugal Stadium,1848
Portugal Stadium 2020 Home,1849
Portugal Strike,1850
Portugal Supporters,1851
Premier League Flight,1852
Premier League Pitch,1853
Premier League Skills,1854
Premier League Strike Third,1855
PSG,1856
Pumas UNAM,1857
Pumas UNAM 2021/22 Stadium Away,1858
Pumas UNAM 2021/22 Stadium Home,1859
Pumas UNAM 2021/22 Stadium Third,1860
Pumas UNAM 2022/23 Stadium Away,1861
Pumas UNAM 2022/23 Stadium Home,1862
Pumas UNAM Third,1863
Rafa,1864
Raptors Icon Edition 2020,1865
RB Leipzig 2021/22 Stadium Away,1866
RB Leipzig 2021/22 Stadium Home,1867
RB Leipzig 2021/22 Stadium Third,1868
RB Leipzig 2022/23 Stadium Home,1869
Rockets Icon Edition,1870
S.C.Corinthians 2021/22 Stadium Away,1871
Sabrina Ionescu Liberty Rebel Edition,1872
Sacramento Kings City Edition,1873
Saudi Arabia 2020 Stadium Away,1874
Saudi Arabia 2020 Stadium Home,1875
Serena Design Crew,1876
Serena Williams,1877
Serena Williams Design Crew,1878
Shanghai Greenland Shenhua F.C. 2020/21 Stadium Home,1879
Sky Jordan 1,1880
Slovenia,1881
Slovenia 2020 Stadium Away,1882
Slovenia 2020 Stadium Home,1883
Slovenia Home,1884
Spain,1885
Spain (Road),1886
Spain Nike (Road) Limited,1887
Stephen Curry Warriors,1888
Stephen Curry Warriors Icon Edition 2020,1889
Sue Bird Storm Rebel Edition,1890
Team 13,1891
Team 31,1892
Team 31 Courtside,1893
Team 31 Courtside Max 90,1894
Team 31 Essential,1895
Team 31 Heritage86,1896
Team 31 Standard Issue,1897
The Nike Polo,1898
The Nike Polo Chelsea F.C.,1899
The Nike Polo Kaizer Chiefs F.C.,1900
The Nike Polo Naomi Osaka,1901
The Nike Polo Rafa,1902
The Nike Polo Tiger Woods,1903
The Nike Premier 3 SG-PRO Anti-Clog Traction,1904
Tiger Woods,1905
Tiger Woods 'Frank',1906
Toronto Raptors,1907
Toronto Raptors Courtside,1908
Toronto Raptors Icon Edition 2020,1909
Toronto Raptors Legacy91,1910
Toronto Raptors Showtime,1911
Tottenham Hotspur,1912
"Tottenham Hotspur ""The Nike Polo""",1913
Tottenham Hotspur 2021/22 Away,1914
Tottenham Hotspur 2021/22 Stadium,1915
Tottenham Hotspur 2021/22 Stadium Away,1916
Tottenham Hotspur 2021/22 Stadium Goalkeeper,1917
Tottenham Hotspur 2021/22 Stadium Home,1918
Tottenham Hotspur 2021/22 Stadium Home/Away,1919
Tottenham Hotspur 2021/22 Stadium Third,1920
Tottenham Hotspur 2021/22 Third,1921
Tottenham Hotspur 2022/23 Away,1922
Tottenham Hotspur 2022/23 Home,1923
Tottenham Hotspur 2022/23 Match Away,1924
Tottenham Hotspur 2022/23 Match Home,1925
Tottenham Hotspur 2022/23 Match Home/Away,1926
Tottenham Hotspur 2022/23 Match Third,1927
Tottenham Hotspur 2022/23 Stadium Away,1928
Tottenham Hotspur 2022/23 Stadium Goalkeeper,1929
Tottenham Hotspur 2022/23 Stadium Home,1930
Tottenham Hotspur 2022/23 Stadium Home/Away,1931
Tottenham Hotspur 2022/23 Stadium Third,1932
Tottenham Hotspur Academy Pro,1933
Tottenham Hotspur Club Fleece,1934
Tottenham Hotspur Collection Essentials,1935
Tottenham Hotspur Crest,1936
Tottenham Hotspur FC 2021/22 Home,1937
Tottenham Hotspur Ignite,1938
Tottenham Hotspur Repel Academy AWF,1939
Tottenham Hotspur Strike,1940
Tottenham Hotspur Strike Elite,1941
Tottenham Hotspur Swoosh,1942
Tottenham Hotspur Tech Fleece,1943
Tottenham Hotspur Tech Fleece Windrunner,1944
Tottenham Hotspur Travel,1945
Trae Young Hawks Icon Edition 2020,1946
Turkey,1947
Turkey 2020 Stadium Away,1948
Turkey 2020 Stadium Home,1949
Turkey 2020 Stadium Home/Away,1950
Turkey 2020 Vapor Match Away,1951
Turkey 2020 Vapor Match Home,1952
UEFA Women's EURO 2022 Nike Flight,1953
US 2021 Stadium Away,1954
USAB Nike Dri-FIT,1955
Utah Jazz,1956
VfL Wolfsburg 2021/22 Stadium Away,1957
VfL Wolfsburg 2021/22 Stadium Home,1958
VfL Wolfsburg 2022/23 Stadium Away,1959
VfL Wolfsburg 2022/23 Stadium Home,1960
Washington Wizards Icon Edition,1961
WNBA,1962
Zach LaVine Bulls Icon Edition 2020,1963
Zion,1964
Zion 1,1965
Zion 2,1966
Zion Williamson Pelicans Icon Edition 2020,1967
Zoom Freak 3,1968